Sample_ID,Site,Depth,Shannon,Simpson,Pielou,Species_Richness
ASCC1_C2_4_0923_SJ_1C_5,SJ,0_5cm,2.983749986,0.894581722,0.652226993,97
ASCC100_11_73_0923_TP_1C_5,TP,0_5cm,3.802431223,0.964776,0.787527785,125
ASCC101_10_68_0928_TP_1C_5,TP,0_5cm,3.831068647,0.962829556,0.784604559,132
ASCC102_12_82_0923_TP_1C_5,TP,0_5cm,2.909806797,0.876052222,0.636063526,97
ASCC103_11_73_0923_TP_1C_15,TP,5_15cm,3.559624785,0.948989,0.771296171,101
ASCC104_5_32_0923_TP_1C_15,TP,5_15cm,3.357398542,0.938891611,0.705013842,117
ASCC105_3_15_0923_TP_1C_15,TP,5_15cm,4.187474794,0.974977,0.803817242,183
ASCC106_7_43_0923_TP_1C_5,TP,0_5cm,3.252057878,0.919231722,0.700211922,104
ASCC108_15_100_0923_TP_1C_5,TP,0_5cm,3.787059764,0.958977667,0.763082475,143
ASCC109_6_39_0923_TP_1C_5,TP,0_5cm,3.832056316,0.964722389,0.75321548,162
ASCC11_C2_5_0923_SJ_1C_15,SJ,5_15cm,3.636240844,0.957338667,0.753107822,125
ASCC110_1_3_0923_TP_1C_5,TP,0_5cm,3.116728687,0.900957333,0.651014948,120
ASCC111_7_44_0923_TP_1C_15,TP,5_15cm,3.464060754,0.943644833,0.742812479,106
ASCC112_8_51_0923_TP_1C_15,TP,5_15cm,3.27474245,0.921164056,0.729562874,89
ASCC113_12_84_0923_TP_1C_15,TP,5_15cm,3.188893035,0.903750444,0.695510502,98
ASCC114_9_60_0923_TP_1C_5,TP,0_5cm,3.363100496,0.931958167,0.749247704,89
ASCC115_3_15_0923_TP_1C_5,TP,0_5cm,3.82020508,0.966481167,0.803646281,116
ASCC116_4_24_0923_TP_1C_5,TP,0_5cm,3.489418103,0.928477722,0.708187223,138
ASCC117_14_94_0923_TP_1C_15,TP,5_15cm,3.452481907,0.943091167,0.734495549,110
ASCC118_16_110_0923_TP_1C_5,TP,0_5cm,2.831562893,0.884888556,0.646176559,80
ASCC119_11_72_0923_TP_1C_5,TP,0_5cm,3.73824671,0.957372056,0.750108705,146
ASCC12_T1A_6_0923_SJ_1C_5,SJ,0_5cm,3.688821685,0.959434833,0.747561287,139
ASCC120_3_16_0923_TP_1C_15,TP,5_15cm,3.507042211,0.943231667,0.743253799,112
ASCC121_6_38_0923_TP_1C_5,TP,0_5cm,2.663615823,0.799123722,0.606131902,81
ASCC122_8_52_0923_TP_1C_5,TP,0_5cm,4.169202759,0.961733722,0.76305474,236
ASCC123_2_12_0923_TP_1C_15,TP,5_15cm,3.575019971,0.951073389,0.77800364,99
ASCC124_4_24_0923_TP_1C_15,TP,5_15cm,3.288318355,0.865506556,0.652001027,155
ASCC125_14_97_0923_TP_1C_5,TP,0_5cm,3.833842077,0.960276278,0.770353062,145
ASCC126_6_39_0923_TP_1C_15,TP,5_15cm,3.778612439,0.963629389,0.789267667,120
ASCC127_5_32_0923_TP_1C_5,TP,0_5cm,3.459146619,0.9476855,0.722538399,120
ASCC128_15_100_0923_TP_1C_15,TP,5_15cm,3.297369014,0.929193944,0.750348655,81
ASCC129_13_87_0923_TP_1C_5,TP,0_5cm,3.771601486,0.957882222,0.777324394,128
ASCC13_T3A_4_0923_SJ_1C_5,SJ,0_5cm,3.631605397,0.955476,0.758561182,120
ASCC130_4_26_0923_TP_1C_15,TP,5_15cm,3.768488049,0.957065556,0.784444534,122
ASCC131_5_33_0923_TP_1C_5,TP,0_5cm,3.38652274,0.944442222,0.747148021,93
ASCC132_1_4_0923_TP_1C_5,TP,0_5cm,3.364109246,0.924933556,0.693340532,128
ASCC133_2_12_0923_TP_1C_15,TP,5_15cm,3.467768846,0.939504111,0.765072858,93
ASCC134_10_67_0923_TP_1C_15,TP,5_15cm,3.166771005,0.914504944,0.680446494,105
ASCC136_4_26_0923_TP_1C_5,TP,0_5cm,3.54644565,0.9428075,0.755954523,109
ASCC137_6_38_0923_TP_1C_15,TP,5_15cm,4.200828322,0.976276056,0.83617202,152
ASCC138_2_13_0923_TP_1C_15,TP,5_15cm,2.791481084,0.861728667,0.618835741,91
ASCC139_14_94_0923_TP_1C_5,TP,0_5cm,3.875746357,0.954966444,0.772479607,151
ASCC14_C1_2_0923_SJ_1C_5,SJ,0_5cm,3.641599457,0.939975889,0.722976717,154
ASCC140_5_33_0923_TP_1C_15,TP,5_15cm,3.637280947,0.950067667,0.754578524,124
ASCC141_7_43_0923_TP_1C_15,TP,5_15cm,3.478787643,0.940752222,0.72664097,120
ASCC142_9_58_0923_TP_1C_15,TP,5_15cm,3.820916126,0.959808222,0.781317658,133
ASCC143_1_3_0923_TP_1C_5,TP,0_5cm,3.06735,0.906115389,0.670501375,97
ASCC145_15_101_0923_TP_1C_15,TP,5_15cm,3.470069437,0.936243444,0.755164076,99
ASCC146_12_82_0923_TP_1C_15,TP,5_15cm,2.532853653,0.803747944,0.594192791,71
ASCC148_10_67_0923_TP_1C_5,TP,0_5cm,3.564741035,0.947375,0.761350091,108
ASCC149_3_16_0923_TP_1C_5,TP,0_5cm,3.400310757,0.928082889,0.712751109,118
ASCC15_T3C_4_0923_SJ_1C_5,SJ,0_5cm,2.95789586,0.883228167,0.636874872,104
ASCC150_9_58_0923_TP_1C_5,TP,0_5cm,3.702745942,0.963103444,0.807583905,98
ASCC151_9_60_0923_TP_1C_15,TP,5_15cm,3.177649859,0.913847889,0.694612157,97
ASCC152_7_44_0923_TP_1C_5,TP,0_5cm,3.18974029,0.923400056,0.688225848,103
ASCC153_13_87_0923_TP_1C_15,TP,5_15cm,3.950112236,0.959734222,0.773629929,165
ASCC154_15_101_0923_TP_1C_5,TP,0_5cm,3.311862337,0.919141444,0.703225629,111
ASCC155_13_88_0923_TP_1C_5,TP,0_5cm,3.762128845,0.958444111,0.740371869,161
ASCC156_8_52_0923_TP_1C_15,TP,5_15cm,3.813596733,0.9648965,0.797969908,119
ASCC157_13_88_0923_TP_1C_15,TP,5_15cm,3.030619085,0.874635333,0.737220159,61
ASCC158_1_3_0923_TP_1C_15,TP,5_15cm,3.200865769,0.893456278,0.707876035,92
ASCC16_T3B_2_0923_SJ_1C_5,SJ,0_5cm,3.179215336,0.925154722,0.740996478,73
ASCC160_2_13_0923_TP_1C_OM,TP,OM,3.79065455,0.952558833,0.776327733,132
ASCC161_6_38_0923_TP_1C_OM2,TP,OM,3.551288752,0.946588667,0.711619422,147
ASCC162_1_3_0923_TP_1C_OM,TP,OM,3.300764696,0.875273056,0.667948915,140
ASCC163_13_88_0923_TP_1C_OM,TP,OM,3.982296281,0.958218444,0.764431686,183
ASCC164_2_12_0923_TP_1C_OM,TP,OM,3.702947265,0.949508333,0.744051713,145
ASCC165_7_44_0923_TP_1C_OM,TP,OM,4.488672611,0.980318278,0.827412713,227
ASCC166_5_32_0923_TP_1C_OM,TP,OM,3.962152994,0.946029833,0.733981766,221
ASCC167_15_100_0923_TP_1C_OM,TP,OM,4.032699028,0.962622222,0.745805608,223
ASCC168_10_68_0923_TP_1C_OM,TP,OM,4.090113012,0.961651389,0.797308727,169
ASCC169_14_97_0923_TP_1C_OM,TP,OM,4.015100504,0.969230333,0.807897654,144
ASCC17_T4A_3_0923_SJ_1C_15,SJ,5_15cm,3.71576081,0.929249278,0.724334147,169
ASCC170_12_82_0923_TP_1C_OM,TP,OM,2.673665927,0.7454305,0.537233066,145
ASCC171_3_16_0923_TP_1C_OM,TP,OM,3.724856472,0.953776111,0.729513562,165
ASCC172_11_72_0923_TP_1C_OM,TP,OM,4.111191779,0.965761333,0.775942907,200
ASCC173_5_33_0923_TP_1C_OM,TP,OM,3.581384228,0.926249,0.703093809,163
ASCC174_3_15_0923_TP_1C_OM,TP,OM,3.971674075,0.965479111,0.777852818,165
ASCC175_10_67_0923_TP_1C_OM,TP,OM,4.18634824,0.967643056,0.785030751,207
ASCC176_8_52_0923_TP_1C_OM,TP,OM,4.689239848,0.983787222,0.836497577,272
ASCC177_14_94_0923_TP_1C_OM,TP,OM,4.015260267,0.964637333,0.788271923,163
ASCC178_4_26_0923_TP_1C_OM,TP,OM,3.906018547,0.9624955,0.76408996,166
ASCC179_16_110_0923_TP_1C_OM,TP,OM,3.181018523,0.881354944,0.650468594,133
ASCC18_C3_5_0923_SJ_1C_15,SJ,5_15cm,3.574683545,0.943708778,0.728742773,135
ASCC180_7_43_0923_TP_1C_OM,TP,OM,4.051984763,0.961160389,0.788068826,171
ASCC181_11_73_0923_TP_1C_OM,TP,OM,3.780712865,0.950574222,0.728828162,179
ASCC182_1_4_0923_TP_1C_OM,TP,OM,4.200368799,0.976281889,0.830728758,157
ASCC183_4_24_0923_TP_1C_OM,TP,OM,4.183414532,0.9723085,0.7918329,197
ASCC185_15_101_0923_TP_1C_OM,TP,OM,4.406352589,0.980187944,0.841478359,188
ASCC186_9_60_0923_TP_1C_OM,TP,OM,3.901587686,0.961336167,0.751322955,180
ASCC189_13_87_0923_TP_1C_OM,TP,OM,4.011777038,0.961040556,0.794433947,156
ASCC19_T2B_2_0923_SJ_1C_15,SJ,5_15cm,3.672841887,0.956966111,0.75337297,131
ASCC190_16_111_0923_SJ_1C_OM,SJ,OM,3.872635255,0.956442278,0.763998509,159
ASCC191_T3B_2_0923_SJ_1C_OM,SJ,OM,4.002774073,0.958504333,0.751288871,206
ASCC192_T2A_4_0923_SJ_1C_OM,SJ,OM,4.666652114,0.9745295,0.809453153,319
ASCC194_C1_5_0923_SJ_1C_OM,SJ,OM,2.965808455,0.844443,0.630958588,110
ASCC195_C2_2_0923_SJ_1C_OM,SJ,OM,4.020733565,0.96917,0.813643162,140
ASCC196_T1B_3_0923_SJ_1C_OM,SJ,OM,3.711026452,0.938465778,0.725945876,166
ASCC198_T1C_6_0923_SJ_1C_OM,SJ,OM,3.92350948,0.952336333,0.760509289,174
ASCC2_T1A_6_0923_SJ_1C_15,SJ,5_15cm,3.665929546,0.955020389,0.73260769,149
ASCC20_T3A_6_0923_SJ_1C_5,SJ,0_5cm,3.839953391,0.956478667,0.747683819,170
ASCC201_T2B_4_0923_SJ_1C_OM,SJ,OM,4.075237499,0.963492556,0.769156926,200
ASCC202_C4_6_0923_SJ_1C_OM,SJ,OM,4.207826695,0.971580611,0.781470991,218
ASCC203_C3_4_0923_SJ_1C_OM,SJ,OM,4.514703289,0.9825315,0.839180191,217
ASCC204_T4A_4_0923_SJ_1C_OM,SJ,OM,3.215934098,0.877568389,0.641821627,150
ASCC206_T4B_4_0923_SJ_1C_OM,SJ,OM,3.490541449,0.943651556,0.768284167,94
ASCC207_T3A_6_0923_SJ_1C_OM,SJ,OM,4.032574196,0.961626278,0.789780114,165
ASCC208_T1A_6_0923_SJ_1C_OM,SJ,OM,4.210805337,0.965574278,0.773701241,231
ASCC209_T3A_5_0923_SJ_1C_OM,SJ,OM,3.169486401,0.884977778,0.636860754,145
ASCC21_T2C_3_0923_SJ_1C_15,SJ,5_15cm,3.292887815,0.921239444,0.663508141,143
ASCC210_T2C_7_0923_SJ_1C_OM,SJ,OM,3.76491179,0.933022278,0.692323811,230
ASCC211_C4_4_0923_SJ_1C_OM,SJ,OM,4.313194054,0.969661,0.797020724,224
ASCC212_T4C_6_0923_SJ_1C_OM,SJ,OM,4.380753699,0.975093556,0.805570028,230
ASCC213_T3A_4_0923_SJ_1C_OM,SJ,OM,2.383882755,0.777333833,0.497939816,120
ASCC214_C1_4_0923_SJ_1C_OM,SJ,OM,4.399950649,0.977352333,0.796305877,251
ASCC215_T4A_6_0923_SJ_1C_OM,SJ,OM,4.460749112,0.977023111,0.822265477,227
ASCC216_T4B_5_0923_SJ_1C_OM,SJ,OM,4.117147782,0.966733889,0.785453356,189
ASCC218_T1A_3_0923_SJ_1C_OM,SJ,OM,4.424064493,0.973375611,0.796703888,258
ASCC219_T4A_3_0923_SJ_1C_OM,SJ,OM,4.700587481,0.981882111,0.832633371,283
ASCC22_T3B_5_0923_SJ_1C_15,SJ,5_15cm,4.039483236,0.959838778,0.754781449,211
ASCC220_T1A_2_0923_SJ_1C_OM,SJ,OM,4.1008311,0.957634944,0.765568011,212
ASCC221_C4_3_0923_SJ_1C_OM,SJ,OM,4.180848077,0.973335,0.85103639,136
ASCC222_T1A_2_0923_SJ_1C_OM,SJ,OM,3.910860428,0.942726278,0.748383087,186
ASCC223_C2_4_0923_SJ_1C_OM,SJ,OM,4.153397395,0.963649167,0.762547762,232
ASCC224_C3_5_0923_SJ_1C_OM,SJ,OM,3.840447931,0.960846222,0.750381511,167
ASCC225_T1C_4_0923_SJ_1C_OM,SJ,OM,4.045987605,0.965665222,0.786011063,172
ASCC226_T2C_5_0923_SJ_1C_OM,SJ,OM,3.29779286,0.890594778,0.651403646,158
ASCC227_TB3_3_0923_SJ_1C_OM,SJ,OM,4.325191598,0.970865667,0.788578256,241
ASCC228_T4B_3_0923_SJ_1C_OM,SJ,OM,3.945491146,0.949029111,0.739864842,207
ASCC229_C3_3_0923_SJ_1C_OM,SJ,OM,4.201768979,0.969424,0.753041654,265
ASCC23_C4_4_0923_SJ_1C_15,SJ,5_15cm,3.65838087,0.950580889,0.742478692,138
ASCC230_T2B_3_0923_SJ_1C_OM,SJ,OM,4.263276983,0.969733889,0.785864749,227
ASCC231_T2A_3_0923_SJ_1C_OM,SJ,OM,3.724904286,0.94024,0.740473164,153
ASCC232_T2A_5_0923_SJ_1C_OM,SJ,OM,4.120556635,0.960998056,0.786103683,189
ASCC233_T3C_4_0923_SJ_1C_OM,SJ,OM,3.962925397,0.957453278,0.785760729,155
ASCC234_T4C_5_0923_SJ_1C_OM,SJ,OM,3.587366763,0.934436611,0.687902388,184
ASCC235_C1_5_0923_SJ_1C_OM,SJ,OM,4.411173083,0.975247444,0.797762846,252
ASCC236_T4C_4_0923_SJ_1C_OM,SJ,OM,4.10446672,0.961464667,0.772502842,203
ASCC237_T1B_5_0923_SJ_1C_OM,SJ,OM,4.09148729,0.969984944,0.78789164,180
ASCC238_112_0823_SF_1C_OM,SF,OM,2.96102159,0.896031778,0.63366789,107
ASCC239_T2B_6_0923_SJ_1C_OM,SJ,OM,4.479328775,0.978396889,0.831187447,219
ASCC24_T3B_3_0923_SJ_1C_5,SJ,0_5cm,3.891107004,0.959199222,0.773512578,153
ASCC240_T3C_5_0923_SJ_1C_OM,SJ,OM,4.064496468,0.964608833,0.784381754,178
ASCC241_T1B_4_0923_SJ_1C_OM,SJ,OM,4.078855479,0.969636444,0.786302703,179
ASCC242_T1C_3_0923_SJ_1C_OM,SJ,OM,3.799514907,0.941633,0.738128992,172
ASCC243_T2C_3_0923_SJ_1C_OM,SJ,OM,2.412643854,0.801771611,0.538856904,88
ASCC244_T3C_3_0923_SJ_1C_OM,SJ,OM,4.334346611,0.9659775,0.778390527,262
ASCC245_76_0823_SF_1C_OM,SF,OM,2.898415618,0.862799056,0.605414228,120
ASCC246_32_0823_SF_1C_OM,SF,OM,3.278753972,0.874654778,0.658816433,145
ASCC247_151_0823_SF_1C_OM,SF,OM,3.596979035,0.951674278,0.738973514,130
ASCC248_85_0823_SF_1C_OM,SF,OM,3.79631427,0.960878056,0.783684487,127
ASCC25_T3C_3_0923_SJ_1C_5,SJ,0_5cm,3.729035619,0.946416611,0.735668987,159
ASCC250_55_SF_0823_1C_OM,SF,OM,3.598540835,0.923234389,0.695215753,177
ASCC251_5_0823_SF_1C_OM,SF,OM,4.102446612,0.969984611,0.791705515,178
ASCC252_84_0823_SF_1C_OM,SF,OM,4.228777644,0.963167167,0.770999856,241
ASCC255_62_0823_SF_1C_OM,SF,OM,3.770112013,0.943884556,0.77092901,133
ASCC256_168_0823_SF_1C_OM,SF,OM,4.018337293,0.959792833,0.791763482,160
ASCC257_75_0823_SF_1C_OM,SF,OM,4.380273258,0.979365111,0.831509339,194
ASCC258_57_0823_SF_1C_OM,SF,OM,4.357850386,0.972021278,0.79156911,246
ASCC259_37_0823_SF_1C_OM,SF,OM,4.293014105,0.965354778,0.779217917,247
ASCC26_C4_6_0923_SJ_1C_15,SJ,5_15cm,3.768709854,0.940171389,0.736364676,167
ASCC263_122_0823_SF_1C_OM,SF,OM,4.006220406,0.964287111,0.772300453,179
ASCC264_101_0823_SF_1C_OM,SF,OM,3.936746271,0.954515833,0.779575945,156
ASCC266_139_0823_SF_1C_OM,SF,OM,3.485600638,0.945371,0.729338893,119
ASCC267_26_0823_SF_1C_OM,SF,OM,3.909166539,0.958679611,0.726004294,218
ASCC268_27_0823_SF_1C_OM,SF,OM,2.615630178,0.788334389,0.575712188,94
ASCC269_162_0823_SF_1C_OM,SF,OM,4.257502546,0.975334611,0.814716597,186
ASCC270_138_0823_SF_1C_OM,SF,OM,4.054267562,0.957838444,0.749174562,224
ASCC272_43_0823_SF_1C_OM,SF,OM,4.151631939,0.955628444,0.755231015,244
ASCC273_112_0823_SF_1C_OM,SF,OM,3.968829763,0.961644444,0.751940801,196
ASCC274_40_0823_SF_1C_OM,SF,OM,3.728484252,0.947665333,0.733750748,161
ASCC275_125_0823_SF_1C_OM,SF,OM,4.026672064,0.966941,0.789564221,164
ASCC276_64_0823_SF_1C_OM,SF,OM,4.079925038,0.959421889,0.768598208,202
ASCC277_57_0823_SF_1C_5,SF,0_5cm,4.089975353,0.969363444,0.817349968,149
ASCC278_85_0823_SF_1C_15,SF,5_15cm,2.63770561,0.840184167,0.59372331,85
ASCC279_168_0823_SF_1C_15,SF,5_15cm,3.670356268,0.938871167,0.709867059,176
ASCC28_C1_5_0923_SJ_1C_15,SJ,5_15cm,4.151360139,0.974127111,0.824180902,154
ASCC280_37_0823_SF_1C_15,SF,5_15cm,3.893573485,0.960618833,0.794957296,134
ASCC281_103_0823_SF_1C_5,SF,0_5cm,1.806807242,0.604633167,0.42386651,71
ASCC282_154_0823_SF_1C_15,SF,5_15cm,3.712208197,0.959599,0.792845825,108
ASCC284_154_0823_SF_1C_5,SF,0_5cm,3.120342399,0.895563778,0.679055716,99
ASCC286_162_0823_SF_1C_5,SF,0_5cm,3.342554108,0.935608833,0.687794884,129
ASCC288_8_0823_SF_1C_OM,SF,OM,3.937455027,0.961464556,0.756619902,182
ASCC289_114_0823_SF_1C_15,SF,5_15cm,3.2679563,0.919649667,0.708097717,101
ASCC29_C3_3_0923_SJ_1C_15,SJ,5_15cm,3.860871238,0.958895278,0.76552564,155
ASCC290_101_0823_SF_1C_5,SF,0_5cm,2.277535005,0.774023111,0.563320832,57
ASCC291_84_0823_SF_1C_15,SF,5_15cm,3.206991305,0.900128167,0.671041732,119
ASCC292_55_0823_SF_1C_5,SF,0_5cm,3.398290978,0.929757333,0.692783,135
ASCC293_62_0823_SF_1C_5,SF,0_5cm,3.116873949,0.843298444,0.642385513,128
ASCC295_26_0823_SF_1C_5,SF,0_5cm,3.556754664,0.948440333,0.740370334,122
ASCC296_122_0823_SF_1C_5,SF,0_5cm,3.431867631,0.941984111,0.750182393,97
ASCC297_64_0823_SF_1C_15,SF,5_15cm,3.124132829,0.889277667,0.665935016,109
ASCC298_76_0823_SF_1C_5,SF,0_5cm,3.17021087,0.914480278,0.689908201,99
ASCC299_5_0823_SF_1C_5,SF,0_5cm,3.25560376,0.927022444,0.703918464,102
ASCC3_T4A_5_0923_SJ_1C_5,SJ,0_5cm,3.657413222,0.953451778,0.732885007,147
ASCC30_T1A_2_0923_SJ_1C_15,SJ,5_15cm,3.76954517,0.960627611,0.775656519,129
ASCC300_32_0823_SF_1C_15,SF,5_15cm,3.555388786,0.936535389,0.738830544,123
ASCC301_16_0823_SF_1C_15,SF,5_15cm,3.120433382,0.922855611,0.656437189,116
ASCC302_151_0823_SF_1C_5,SF,0_5cm,3.086106118,0.883342111,0.643503107,121
ASCC304_8_0823_SF_1C_5,SF,0_5cm,2.762422104,0.869273667,0.64181699,74
ASCC305_38_0823_SF_1C_5,SF,0_5cm,3.118721142,0.898720333,0.670121984,105
ASCC306_8_0823_SF_1C_15,SF,5_15cm,3.469176929,0.946103833,0.767213431,92
ASCC307_125_0823_SF_1C_5,SF,0_5cm,3.771153044,0.960056278,0.791897376,117
ASCC308_64_0823_SF_1C_5,SF,0_5cm,3.097734957,0.912007778,0.690128293,89
ASCC309_26_0823_SF_1C_15,SF,5_15cm,3.776189115,0.961981167,0.801818643,111
ASCC31_T4B_5_0923_SJ_1C_5,SJ,0_5cm,3.579591731,0.919605056,0.726488214,138
ASCC310_122_0823_SF_1C_15,SF,5_15cm,3.771353215,0.961999667,0.790526625,118
ASCC311_103_0823_SF_1C_15,SF,5_15cm,2.759871545,0.8429395,0.59547636,103
ASCC312_27_0823_SF_1C_5,SF,0_5cm,1.657550036,0.649276167,0.419500834,52
ASCC313_55_0823_SF_1C_15,SF,5_15cm,3.310039573,0.924821278,0.697594714,115
ASCC314_151_0823_SF_1C_15,SF,5_15cm,3.327812816,0.927273444,0.689228786,125
ASCC315_75_0823_SF_1C_15,SF,5_15cm,3.493905125,0.951027944,0.760351251,99
ASCC316_114_0823_SF_1C_5,SF,0_5cm,2.793563104,0.853052,0.619297298,91
ASCC317_101_0823_SF_1C_15,SF,5_15cm,2.343166672,0.772967722,0.528834023,84
ASCC318_162_0823_SF_1C_15,SF,5_15cm,1.866307029,0.603443944,0.423513939,82
ASCC319_37_0823_SF_1C_5,SF,0_5cm,3.749873325,0.951148722,0.746409734,152
ASCC32_C3_5_0923_SJ_1C_15,SJ,5_15cm,3.629820758,0.959251778,0.786506169,101
ASCC320_32_0823_SF_1C_5,SF,0_5cm,3.367189261,0.927416389,0.728045201,102
ASCC321_62_0823_SF_1C_15,SF,5_15cm,3.672891587,0.914805833,0.719336234,165
ASCC322_13_0823_SF_1C_5,SF,0_5cm,3.834731589,0.957974444,0.792909029,126
ASCC323_125_0823_SF_1C_15,SF,5_15cm,2.36798309,0.835205889,0.563176266,67
ASCC324_112_0823_SF_1C_15,SF,5_15cm,3.279457586,0.925188944,0.691149525,115
ASCC325_84_0823_SF_1C_5,SF,0_5cm,3.705733321,0.9543915,0.755458866,135
ASCC326_57_0823_SF_1C_15,SF,5_15cm,3.952604566,0.964565556,0.803378026,137
ASCC328_168_0823_SF_1C_5,SF,0_5cm,3.673684169,0.952603778,0.79431476,102
ASCC329_85_0823_SF_1C_5,SF,0_5cm,2.880499737,0.903934611,0.653660825,82
ASCC33_T2C_7_0923_SJ_1C_5,SJ,0_5cm,3.186255652,0.894175556,0.667882265,118
ASCC330_16_0823_SF_1C_5,SF,0_5cm,3.390459482,0.937882056,0.757249147,88
ASCC331_5_0823_SF_1C_5,SF,0_5cm,3.167513257,0.895479889,0.677857754,107
ASCC332_27_0823_SF_1C_15,SF,5_15cm,2.152144023,0.742819833,0.489741478,81
ASCC333_40_0823_SF_1C_5,SF,0_5cm,4.070901452,0.972800944,0.835022909,131
ASCC334_75_0823_SF_1C_5,SF,0_5cm,3.671408957,0.957873722,0.776625294,113
ASCC337_43_0823_SF_1C_15,SF,5_15cm,3.432096651,0.937418167,0.740517225,103
ASCC35_T4C_6_0923_SJ_1C_5,SJ,0_5cm,3.680564189,0.932856056,0.751466838,134
ASCC36_T2A_4_0923_SJ_1C_5,SJ,0_5cm,3.67676177,0.952319833,0.731856929,152
ASCC37_T1B_5_0923_SJ_1C_5,SJ,0_5cm,3.247625756,0.9287195,0.684440929,115
ASCC38_T1B_5_0923_SJ_1C_15,SJ,5_15cm,3.4553387,0.9379515,0.715640882,125
ASCC39_T3A_5_0923_SJ_1C_5,SJ,0_5cm,3.78152518,0.945187,0.717848709,194
ASCC4_T2B_4_0923_SJ_1C_15,SJ,5_15cm,4.634512899,0.984456,0.84953989,234
ASCC40_T3A_4_0923_SJ_1C_15,SJ,5_15cm,3.571734008,0.948010167,0.743488418,122
ASCC41_TC3_5_0923_SJ_1C_15,SJ,5_15cm,3.474027129,0.935435667,0.71484799,129
ASCC42_T3C_3_0923_SJ_1C_15,SJ,5_15cm,3.903812697,0.961616556,0.741062606,194
ASCC43_T1C_3_0923_SJ_1C_15,SJ,5_15cm,3.833320965,0.959975333,0.777983276,138
ASCC45_T3B_2_0923_SJ_1C_5,SJ,0_5cm,3.376672785,0.934241167,0.70654646,119
ASCC46_C4_6_0923_SJ_1C_5,SJ,0_5cm,3.621781494,0.947517667,0.710171834,164
ASCC47_T3C_5_0923_SJ_1C_5,SJ,0_5cm,3.231273887,0.902558444,0.649276022,145
ASCC48_T4A_4_0923_SJ_1C_15,SJ,5_15cm,3.829897958,0.955568167,0.753708558,161
ASCC49_T4A_3_0923_SJ_1C_5,SJ,0_5cm,4.15050337,0.965632889,0.762016431,232
ASCC5_C2_2_0923_SJ_1C_15,SJ,5_15cm,3.672353891,0.948915611,0.7431444,140
ASCC50_C3_4_0923_SJ_1C_15,SJ,5_15cm,3.668027327,0.943657444,0.734014712,148
ASCC51_T2B_3_0923_SJ_1C_5,SJ,0_5cm,3.68296213,0.9504325,0.738004585,147
ASCC52_T4A_6_0923_SJ_1C_15,SJ,5_15cm,3.57743919,0.944283667,0.736127013,129
ASCC53_T3B_5_0923_SJ_1C_5,SJ,0_5cm,4.301083993,0.975416,0.794782946,224
ASCC56_C2_2_0923_SJ_1C_5,SJ,0_5cm,3.579910917,0.942769556,0.715417532,149
ASCC57_T1C_6_0923_SJ_1C_5,SJ,0_5cm,3.607586009,0.937327056,0.764562228,112
ASCC58_T1C_4_0923_SJ_1C_15,SJ,5_15cm,3.461828233,0.924510556,0.739370185,108
ASCC59_T4C_6_0923_SJ_1C_15,SJ,5_15cm,3.590539011,0.937428444,0.726588188,140
ASCC6_T4C_6_0923_SJ_1C_5,SJ,0_5cm,3.503568059,0.907246167,0.71317203,136
ASCC60_T4C_4_0923_SJ_1C_15,SJ,5_15cm,3.373927048,0.913526944,0.704737936,120
ASCC61_T4C_4_0923_SJ_1C_5,SJ,0_5cm,3.375609454,0.931025167,0.733004279,100
ASCC62_T3C_4_0923_SJ_1C_15,SJ,5_15cm,3.752330816,0.950399278,0.726522035,175
ASCC63_T1C_3_0923_SJ_1C_5,SJ,0_5cm,3.577074377,0.930129722,0.744600064,122
ASCC64_T2A_3_0923_SJ_1C_15,SJ,5_15cm,3.529475066,0.942301167,0.733445522,123
ASCC65_T2A_5_0923_SJ_1C_15,SJ,5_15cm,3.365975172,0.935847944,0.680165384,141
ASCC66_T3B_2_0923_SJ_1C_15,SJ,5_15cm,3.630356637,0.944338,0.68583933,199
ASCC68_T4C_5_0923_SJ_1C_15,SJ,5_15cm,3.632856888,0.947870889,0.728961406,146
ASCC7_T1C_4_0923_SJ_1C_5,SJ,0_5cm,3.59606876,0.9392995,0.716736733,151
ASCC70_T4B_4_0923_SJ_1C_15,SJ,5_15cm,4.058275407,0.969704833,0.794813699,165
ASCC71_T1B_3_0923_SJ_1C_15,SJ,5_15cm,3.869396628,0.954512,0.768201914,154
ASCC72_T4C_5_0923_SJ_1C_5,SJ,0_5cm,3.467066626,0.934971222,0.715716913,127
ASCC73_T2C_3_0923_SJ_1C_5,SJ,0_5cm,2.865871382,0.897265333,0.613305448,107
ASCC74_C1_4_0923_SJ_1C_5,SJ,0_5cm,3.759633244,0.960404722,0.773616949,129
ASCC75_T2B_6_0923_SJ_1C_5,SJ,0_5cm,4.144613292,0.971221,0.796427357,182
ASCC76_C1_2_0923_SJ_1C_15,SJ,5_15cm,3.860246941,0.962537833,0.763461091,157
ASCC79_T2A_3_0923_SJ_1C_5,SJ,0_5cm,3.689103914,0.954569944,0.76405638,125
ASCC8_C3_4_0923_SJ_1C_5,SJ,0_5cm,3.834331516,0.926561889,0.716448647,211
ASCC81_T3A_5_0923_SJ_1C_15,SJ,5_15cm,3.571777421,0.939274444,0.7315016,132
ASCC83_T4B_4_0923_SJ_1C_5,SJ,0_5cm,3.951133841,0.967480056,0.760053111,181
ASCC84_C1_4_0923_SJ_1C_15,SJ,5_15cm,3.549943566,0.944607667,0.724797811,134
ASCC85_C3_3_0923_SJ_1C_15,SJ,5_15cm,3.576734618,0.943484722,0.732516837,132
ASCC86_T1A_3_0923_SJ_1C_15,SJ,5_15cm,3.879781059,0.959173611,0.752033237,174
ASCC87_T4B_5_0923_SJ_1C_15,SJ,5_15cm,4.178342669,0.968042111,0.809005966,175
ASCC88_T1A_2_0923_SJ_1C_5,SJ,0_5cm,3.625269306,0.942959444,0.742456762,132
ASCC89_T2C_7_0923_SJ_1C_15,SJ,5_15cm,3.119511899,0.860513556,0.63691587,134
ASCC9_T2C_5_0923_SJ_1C_5,SJ,0_5cm,3.780444486,0.958828722,0.723426664,186
ASCC91_T1B_4_0923_SJ_1C_15,SJ,5_15cm,3.450637593,0.933685389,0.701351823,137
ASCC92_T1C_6_0923_SJ_1C_15,SJ,5_15cm,3.915631586,0.965770333,0.79123491,141
ASCC93_T4B_3_0923_SJ_1C_5,SJ,0_5cm,3.381416029,0.937550333,0.693595726,131
ASCC94_T4B_3_0923_SJ_1C_15,SJ,5_15cm,3.784513737,0.959197111,0.751349881,154
ASCC95_14_97_0923_TP_1C_15,TP,5_15cm,2.923526035,0.895195778,0.652960936,88
ASCC96_16_111_0923_TP_1C_5,TP,0_5cm,3.500293077,0.9465005,0.763428114,98
ASCC98_16_110_0923_TP_1C_15,TP,5_15cm,2.277681538,0.769806278,0.545632542,65
ASCC99_10_68_0923_TP_1C_15,TP,5_15cm,3.629743133,0.953555111,0.784813939,102