feature	k__Fungi..p__Basidiomycota..c__Geminibasidiomycetes..o__Geminibasidiales..f__Geminibasidiaceae..g__Geminibasidium..s__Geminibasidium_sp	k__Fungi..p__Basidiomycota..c__Microbotryomycetes..o__Microbotryales..f__unidentified..g__unidentified..s__Microbotryales_sp	k__Fungi..p__Ascomycota..c__Pezizomycetes..o__Pezizales..f__Pyronemataceae..g__Wilcoxina..s__Wilcoxina_rehmii	k__Fungi..p__Mortierellomycota..c__Mortierellomycetes..o__Mortierellales..f__Mortierellaceae..g__Linnemannia..s__Linnemannia_amoeboidea	k__Fungi..p__Basidiomycota..c__Geminibasidiomycetes..o__Geminibasidiales..f__Geminibasidiaceae..g__Geminibasidium..s__Geminibasidium_sp.1	k__Fungi..p__Basidiomycota..c__Geminibasidiomycetes..o__Geminibasidiales..f__Geminibasidiaceae..g__Geminibasidium..s__Geminibasidium_sp.2	k__Fungi..p__Basidiomycota..c__Microbotryomycetes..o__Microbotryales..f__unidentified..g__unidentified..s__Microbotryales_sp.1	k__Fungi..p__Basidiomycota..c__Agaricomycetes..o__Russulales..f__Russulaceae..g__Russula..s__Russula_integriformis	k__Fungi..p__Basidiomycota..c__Geminibasidiomycetes..o__Geminibasidiales..f__Geminibasidiaceae..g__Geminibasidium..s__Geminibasidium_sp.3	k__Fungi..p__Basidiomycota..c__Geminibasidiomycetes..o__Geminibasidiales..f__Geminibasidiaceae..g__Geminibasidium..s__Geminibasidium_sp.4	k__Fungi..p__Basidiomycota..c__Geminibasidiomycetes..o__Geminibasidiales..f__Geminibasidiaceae..g__Geminibasidium..s__Geminibasidium_sp.5	k__Fungi..p__Basidiomycota..c__Tremellomycetes..o__Filobasidiales..f__Piskurozymaceae..g__Solicoccozyma..s__Solicoccozyma_aeria	k__Fungi..p__Ascomycota..c__Saccharomycetes..o__Saccharomycetales..f__unidentified..g__unidentified..s__Saccharomycetales_sp	k__Fungi..p__Basidiomycota..c__Geminibasidiomycetes..o__Geminibasidiales..f__Geminibasidiaceae..g__Geminibasidium..s__Geminibasidium_sp.6	k__Fungi..p__Basidiomycota..c__Agaricomycetes..o__Atheliales..f__Pilodermataceae..g__Piloderma..s__Piloderma_olivaceum	k__Fungi..p__Basidiomycota..c__Agaricomycetes..o__Thelephorales..f__Thelephoraceae..g__Pseudotomentella..s__Pseudotomentella_nigra	k__Fungi..p__Ascomycota..c__Leotiomycetes..o__Helotiales..f__Mollisiaceae..g__Phialocephala..	k__Fungi..p__Mortierellomycota..c__Mortierellomycetes..o__Mortierellales..f__Mortierellaceae..g__Mortierella..	k__Fungi..p__Ascomycota..c__Eurotiomycetes..o__Chaetothyriales..f__Herpotrichiellaceae..g__Cladophialophora..	k__Fungi..p__Ascomycota..c__Eurotiomycetes..o__Chaetothyriales..f__Herpotrichiellaceae..g__Cladophialophora...1	k__Fungi..p__Ascomycota..c__Dothideomycetes..o__Mytilinidiales..f__Mytilinidiaceae..g__Mytilinidion..s__Mytilinidion_sp	k__Fungi..p__Basidiomycota..c__Agaricomycetes..o__Atheliales..f__Pilodermataceae..g__Piloderma..	k__Fungi..p__Basidiomycota..c__Agaricomycetes..o__Agaricales..f__Mycenaceae..g__Mycena..	k__Fungi..p__Ascomycota..c__Eurotiomycetes..o__Chaetothyriales..f__Herpotrichiellaceae..g__Exophiala..s__Exophiala_radicis	k__Fungi..p__Ascomycota..c__Eurotiomycetes..o__Chaetothyriales..f__Herpotrichiellaceae....	k__Fungi..p__Basidiomycota..c__Agaricomycetes..o__Atheliales..f__Pilodermataceae..g__Piloderma..s__Piloderma_sp	k__Fungi..p__Basidiomycota..c__Agaricomycetes..o__Agaricales..f__Tricholomataceae..g__Cantharellula..s__Cantharellula_sp	k__Fungi..p__Basidiomycota..c__Agaricomycetes..o__Agaricales..f__Tricholomataceae..g__Cantharellula..s__Cantharellula_sp.1	k__Fungi..p__Ascomycota..c__Leotiomycetes..o__Helotiales..f__Mollisiaceae..g__Phialocephala..s__Phialocephala_helvetica	k__Fungi..p__Ascomycota..c__Dothideomycetes..o__Mytilinidiales..f__Mytilinidiaceae..g__Mytilinidion..s__Mytilinidion_sp.1	k__Fungi..p__Ascomycota..c__Dothideomycetes..o__Mytilinidiales..f__Mytilinidiaceae..g__Mytilinidion..s__Mytilinidion_sp.2	k__Fungi..p__Basidiomycota..c__Agaricomycetes........	k__Fungi..p__Ascomycota..c__Eurotiomycetes..o__Chaetothyriales......	k__Fungi..p__Ascomycota..c__Pezizomycetes..o__Pezizales..f__Pyronemataceae..g__Geopora..s__Geopora_tolucana	k__Fungi..p__Basidiomycota..c__Agaricomycetes..o__Agaricales..f__Tricholomataceae..g__Leucopaxillus..s__Leucopaxillus_laterarius	k__Fungi..p__Ascomycota..c__Dothideomycetes..o__Mytilinidiales..f__Mytilinidiaceae..g__Mytilinidion..s__Mytilinidion_sp.3	k__Fungi..p__Mortierellomycota..c__Mortierellomycetes..o__Mortierellales..f__Mortierellaceae..g__Mortierella...1	k__Fungi..p__Basidiomycota..c__Agaricomycetes..o__Agaricales..f__Tricholomataceae..g__Clitocybe..s__Clitocybe_subditopoda	k__Fungi..p__Ascomycota..c__Dothideomycetes..o__Mytilinidiales..f__Mytilinidiaceae..g__Mytilinidion..s__Mytilinidion_sp.4	k__Fungi..p__Ascomycota..c__Eurotiomycetes..o__Chaetothyriales..f__Herpotrichiellaceae..g__Cladophialophora...2	k__Fungi..p__Basidiomycota..c__Agaricomycetes.........1	k__Fungi..p__Ascomycota..c__Eurotiomycetes..o__Chaetothyriales..f__Trichomeriaceae..g__Knufia..s__Knufia_peltigerae	k__Fungi..p__Basidiomycota..c__Agaricomycetes..o__Thelephorales..f__Thelephoraceae....	k__Fungi..p__Ascomycota..c__Dothideomycetes..o__Mytilinidiales..f__Mytilinidiaceae..g__Mytilinidion..s__Mytilinidion_sp.5	k__Fungi..p__Ascomycota..c__Eurotiomycetes..o__Chaetothyriales..f__Trichomeriaceae..g__Knufia..s__Knufia_peltigerae.1	k__Fungi..p__Ascomycota..c__Dothideomycetes..o__Pleosporales..f__Cucurbitariaceae..g__Pyrenochaeta..s__Pyrenochaeta_sp	k__Fungi..p__Basidiomycota..c__Agaricomycetes..o__Thelephorales..f__Thelephoraceae.....1	k__Fungi..p__Ascomycota..........	k__Fungi..p__Ascomycota..c__Eurotiomycetes..o__Chaetothyriales..f__Herpotrichiellaceae..g__Cladophialophora..s__Cladophialophora_humicola	k__Fungi..p__Ascomycota..c__Pezizomycetes..o__Pezizales..f__Sarcosomataceae..g__Pseudoplectania..s__Pseudoplectania_lignicola	k__Fungi..p__Basidiomycota..c__Agaricomycetes..o__Thelephorales..f__Thelephoraceae..g__Tomentella..s__Tomentella_ferruginea	k__Fungi..p__Basidiomycota..c__Agaricomycetes..o__Agaricales..f__Entolomataceae..g__Clitopilus..s__Clitopilus_sp	k__Fungi..p__Ascomycota..c__Dothideomycetes..o__Mytilinidiales..f__Mytilinidiaceae..g__Mytilinidion..s__Mytilinidion_sp.6	k__Fungi..p__Ascomycota..c__Dothideomycetes..o__Venturiales..f__Sympoventuriaceae..g__unidentified..s__Sympoventuriaceae_sp	k__Fungi..p__Basidiomycota..c__Agaricomycetes..o__Agaricales..f__Entolomataceae..g__Clitopilus..s__Clitopilus_sp.1	k__Fungi..p__Basidiomycota..c__Agaricomycetes..o__Cantharellales..f__Hydnaceae..g__Sistotrema..s__Sistotrema_sp	k__Fungi..p__Mortierellomycota..c__Mortierellomycetes..o__Mortierellales..f__Mortierellaceae..g__Mortierella..s__Mortierella_globalpina	k__Fungi..p__Basidiomycota..c__Agaricomycetes..o__Atheliales..f__Atheliaceae..g__Athelia..s__Athelia_arachnoidea	k__Fungi..p__Ascomycota..c__Eurotiomycetes..o__Chaetothyriales..f__Herpotrichiellaceae..g__Exophiala..s__Exophiala_xenobiotica	k__Fungi..p__Ascomycota..c__Pezizomycetes..o__Pezizales..f__Sarcosomataceae..g__Plectania..s__Plectania_melastoma	k__Fungi............	k__Fungi.............1	k__Fungi..p__Basidiomycota..c__Agaricomycetes..o__Agaricales..f__Entolomataceae..g__Clitopilus..s__Clitopilus_caelatus	k__Fungi..p__Basidiomycota..c__Agaricomycetes..o__Polyporales..f__Ganodermataceae..g__Ganoderma..s__Ganoderma_applanatum	k__Fungi..p__Basidiomycota..c__Agaricomycetes..o__Agaricales..f__Lyophyllaceae..g__Lyophyllum..s__Lyophyllum_sp	k__Fungi.............2	k__Fungi..p__Ascomycota..c__Eurotiomycetes..o__Chaetothyriales.......1	k__Fungi..p__Ascomycota..c__Eurotiomycetes..o__Chaetothyriales..f__Herpotrichiellaceae..g__Cladophialophora..s__Cladophialophora_humicola.1	k__Fungi..p__Ascomycota..c__Pezizomycetes..o__Pezizales..f__Tuberaceae..g__Tuber..s__Tuber_pseudoseparans	k__Fungi..p__Ascomycota..c__Eurotiomycetes..o__Chaetothyriales..f__Trichomeriaceae..g__Knufia..s__Knufia_peltigerae.2	k__Fungi..p__Ascomycota...........1	k__Fungi..p__Basidiomycota..c__Agaricomycetes..o__Cantharellales..f__Ceratobasidiaceae..g__unidentified..s__Ceratobasidiaceae_sp	k__Fungi..p__Ascomycota..c__Eurotiomycetes..o__Chaetothyriales..f__Herpotrichiellaceae.....1	k__Fungi..p__Basidiomycota..c__Agaricomycetes..o__Agaricales..f__Radulomycetaceae..g__Aphanobasidium..s__Aphanobasidium_sp	k__Fungi..p__Ascomycota..c__Dothideomycetes..o__Mytilinidiales..f__Mytilinidiaceae..g__Mytilinidion..s__Mytilinidion_sp.7	k__Fungi..p__Basidiomycota..c__Agaricomycetes..o__Agaricales..f__Cortinariaceae....	k__Fungi..p__Ascomycota..c__Lecanoromycetes..o__Pertusariales..f__Pertusariaceae..g__Varicellaria..s__Varicellaria_sp	k__Fungi..p__Ascomycota..c__Eurotiomycetes..o__Chaetothyriales..f__Herpotrichiellaceae.....2	k__Fungi..p__Ascomycota..c__Dothideomycetes..o__Pleosporales..f__Didymosphaeriaceae..g__Paraphaeosphaeria..	k__Fungi..p__Ascomycota..c__Eurotiomycetes..o__Chaetothyriales..f__Herpotrichiellaceae..g__Cladophialophora..s__Cladophialophora_humicola.2	k__Fungi..p__Basidiomycota..c__Microbotryomycetes..o__Leucosporidiales..f__Leucosporidiaceae..g__Leucosporidium..s__Leucosporidium_krtinense	k__Fungi..p__Mortierellomycota..c__Mortierellomycetes..o__Mortierellales..f__Mortierellaceae..g__Mortierella...2	k__Fungi..p__Basidiomycota..........	k__Fungi..p__Ascomycota..c__Eurotiomycetes..o__Chaetothyriales..f__Herpotrichiellaceae..g__Cladophialophora...3	k__Fungi..p__Ascomycota..c__Leotiomycetes..o__Helotiales..f__Sclerotiniaceae..g__Clarireedia..s__Clarireedia_bennettii	k__Fungi..p__Ascomycota..c__Eurotiomycetes..o__Chaetothyriales..f__Herpotrichiellaceae..g__Cladophialophora..s__Cladophialophora_humicola.3	k__Fungi..p__Ascomycota..c__Eurotiomycetes..o__Chaetothyriales..f__Herpotrichiellaceae..g__Cladophialophora..s__Cladophialophora_minutissima	k__Fungi..p__Basidiomycota..c__Agaricomycetes..o__Agaricales..f__Entolomataceae..g__Clitopilus..s__Clitopilus_caelatus.1	k__Fungi..p__Ascomycota..c__Dothideomycetes..o__Mytilinidiales..f__Mytilinidiaceae..g__Mytilinidion..s__Mytilinidion_sp.8	k__Fungi..p__Basidiomycota..c__Agaricomycetes.........2	k__Fungi..p__Ascomycota..c__Eurotiomycetes..o__Chaetothyriales..f__unidentified..g__unidentified..s__Chaetothyriales_sp	k__Fungi..p__Ascomycota..c__Dothideomycetes..o__Mytilinidiales..f__Mytilinidiaceae..g__Mytilinidion..s__Mytilinidion_sp.9	k__Fungi..p__Ascomycota..c__Dothideomycetes..o__Pleosporales..f__Didymosphaeriaceae..g__Paraphaeosphaeria..s__Paraphaeosphaeria_sporulosa	k__Fungi..p__Basidiomycota..c__Agaricomycetes..o__Cantharellales..f__Hydnaceae..g__Bergerella..s__Bergerella_atrofusca	k__Fungi..p__Ascomycota..c__Eurotiomycetes..o__Chaetothyriales..f__Herpotrichiellaceae..g__Cladophialophora...4	k__Fungi..p__Ascomycota..c__Orbiliomycetes..o__Orbiliales..f__Orbiliaceae..g__unidentified..s__Orbiliaceae_sp	k__Fungi..p__Basidiomycota..c__Agaricomycetes..o__Cantharellales..f__Hydnaceae..g__Bergerella..s__Bergerella_atrofusca.1	k__Fungi..p__Ascomycota..c__Dothideomycetes..o__Pleosporales..f__Cucurbitariaceae..g__Pyrenochaeta..s__Pyrenochaeta_sp.1	k__Fungi..p__Ascomycota..c__Leotiomycetes..o__Helotiales......	k__Fungi..p__Ascomycota..c__Eurotiomycetes..o__Chaetothyriales..f__Herpotrichiellaceae..g__Cladophialophora...5	k__Fungi..p__Ascomycota...........2	k__Fungi.............3	k__Fungi..p__Ascomycota...........3	k__Fungi.............4	k__Fungi..p__Basidiomycota..c__Agaricomycetes..o__Agaricales..f__Lycoperdaceae..g__Bovista..s__Bovista_promontorii	k__Fungi..p__Basidiomycota...........1	k__Fungi..p__Ascomycota..c__Eurotiomycetes..o__Chaetothyriales..f__Chaetothyriales_fam_Incertae_sedis..g__Sarcinomyces..s__Sarcinomyces_crustaceus	k__Fungi..p__Ascomycota..c__Eurotiomycetes..o__Chaetothyriales..f__Trichomeriaceae..g__Knufia..s__Knufia_tsunedae	k__Fungi..p__Ascomycota..c__Lecanoromycetes..o__Lecanorales..f__Cladoniaceae..g__Cladonia..s__Cladonia_cariosa	k__Fungi..p__Ascomycota..c__Eurotiomycetes..o__Chaetothyriales..f__Paracladophialophoraceae..g__Paracladophialophora..s__Paracladophialophora_sp	k__Fungi..p__Ascomycota..c__Dothideomycetes..o__Venturiales..f__Sympoventuriaceae..g__Ochroconis..s__Ochroconis_sp	k__Fungi..p__Basidiomycota...........2	k__Fungi..p__Ascomycota..c__Eurotiomycetes..o__Chaetothyriales..f__Herpotrichiellaceae..g__Capronia..s__Capronia_capucina	k__Fungi..p__Ascomycota..c__Eurotiomycetes..o__Chaetothyriales..f__Trichomeriaceae..g__Knufia..	k__Fungi..p__Ascomycota..c__Dothideomycetes..o__Pleosporales..f__Cucurbitariaceae..g__unidentified..s__Cucurbitariaceae_sp	k__Fungi..p__Basidiomycota..c__Agaricomycetes..o__Cantharellales..f__Hydnaceae..g__Bergerella..s__Bergerella_atrofusca.2	k__Fungi..p__Ascomycota..c__Eurotiomycetes..o__Chaetothyriales.......2	k__Fungi..p__Ascomycota..c__Eurotiomycetes..o__Chaetothyriales..f__Herpotrichiellaceae..g__Cladophialophora...6	k__Fungi..p__Ascomycota..c__Lecanoromycetes..o__Trapeliales..f__Trapeliaceae..g__Placynthiella..s__Placynthiella_oligotropha	k__Fungi..p__Ascomycota...........4	k__Fungi..p__Ascomycota..c__Leotiomycetes........	k__Fungi..p__Ascomycota..c__Leotiomycetes.........1	k__Fungi..p__Ascomycota..c__Leotiomycetes..o__Helotiales..f__Pezizomycotina_fam_Incertae_sedis....	k__Fungi..p__Ascomycota..c__Orbiliomycetes..o__Orbiliales......	k__Fungi..p__Ascomycota..c__Dothideomycetes..o__Pleosporales..f__Cucurbitariaceae..g__Pyrenochaeta..s__Pyrenochaeta_sp.2	k__Fungi..p__Basidiomycota..c__Agaricomycetes..o__Russulales..f__Albatrellaceae..g__Leucophleps..s__Leucophleps_spinispora	k__Fungi..p__Ascomycota..c__Dothideomycetes..o__Dothideales..f__Dothideaceae..g__Celosporium..s__Celosporium_sp	k__Fungi..p__Ascomycota..c__Dothideomycetes..o__Pleosporales..f__Phaeosphaeriaceae..g__Didymocyrtis..s__Didymocyrtis_pseudeverniae	k__Fungi.............5	k__Fungi..p__Ascomycota..c__Dothideomycetes..o__Pleosporales..f__Cucurbitariaceae..g__Pyrenochaeta..s__Pyrenochaeta_sp.3	k__Fungi..p__Ascomycota..c__Dothideomycetes..o__Pleosporales..f__Cucurbitariaceae..g__unidentified..s__Cucurbitariaceae_sp.1	k__Fungi..p__Ascomycota..c__Dothideomycetes..o__Pleosporales..f__Lentitheciaceae..g__unidentified..s__Lentitheciaceae_sp	k__Fungi..p__Ascomycota..c__Eurotiomycetes..o__Chaetothyriales.......3	k__Fungi..p__Ascomycota...........5	k__Fungi..p__Ascomycota..c__Dothideomycetes..o__Pleosporales..f__Phaeosphaeriaceae....	k__Fungi..p__Ascomycota..c__Dothideomycetes..o__Pleosporales..f__Phaeosphaeriaceae..g__Chaetosphaeronema..s__Chaetosphaeronema_sp	k__Fungi..p__Ascomycota..c__Dothideomycetes..o__Pleosporales..f__Neophaeosphaeriaceae..g__unidentified..s__Neophaeosphaeriaceae_sp	k__Fungi..p__Ascomycota..c__Dothideomycetes..o__Pleosporales..f__Cucurbitariaceae..g__Parafenestella..s__Parafenestella_austriaca	k__Fungi..p__Ascomycota..c__Leotiomycetes..o__Helotiales..f__Hyaloscyphaceae....	k__Fungi.............6	k__Fungi.............7	k__Fungi..p__Basidiomycota..c__Tremellomycetes..o__Filobasidiales..f__Piskurozymaceae..g__Piskurozyma..s__Piskurozyma_silvicola	k__Fungi..p__Ascomycota..c__Taphrinomycetes..o__Taphrinales..f__Taphrinaceae..g__Taphrina..s__Taphrina_sacchari	k__Fungi.............8	k__Fungi..p__Basidiomycota..c__Agaricomycetes..o__Agaricales..f__Lycoperdaceae..g__Lycoperdon..s__Lycoperdon_pyriforme	k__Fungi..p__Ascomycota..c__Eurotiomycetes..o__Chaetothyriales..f__Herpotrichiellaceae..g__Exophiala..s__Exophiala_moniliae	k__Fungi..p__Ascomycota..c__Taphrinomycetes..o__Taphrinales..f__Taphrinaceae..g__Taphrina..s__Taphrina_tormentillae	k__Fungi.............9	k__Fungi.............10	k__Fungi.............11
ASCC160_2_13_0923_TP_1C_OM	0	0	0	0	0	0	0	0	0	0	0	0	0	0	0	0	0	0	0	0	0	0.0408088235294118	0	0	0.100367647058824	0	0	0	0	0	0	0.0849264705882353	0.0400735294117647	0	0	0	0	0	0.00919117647058824	0.194852941176471	0	0	0	0	0	0.00110294117647059	0	0	0.00588235294117647	0.0588235294117647	0	0	0.0430147058823529	0	0	0.0257352941176471	0	0	0.0117647058823529	0	0.127941176470588	0	0	0	0	0	0	0	0	0	0	0	0	0	0	0	0	0.0297794117647059	0	0	0	0	0	0	0	0.00625	0.00330882352941176	0	0	0	0.180147058823529	0	0	0	0	0	0	0	0	0	0	0	0	0	0	0	0	0	0	0	0	0	0	0	0.00919117647058824	0	0	0	0.00404411764705882	0	0	0.000735294117647059	0	0.00551470588235294	0	0	0	0	0	0	0.00257352941176471	0	0	0.00367647058823529	0	0	0	0	0	0	0	0	0	0.00294117647058824	0	0	0.00147058823529412	0	0	0.00588235294117647
ASCC161_6_38_0923_TP_1C_OM2	0	0	0	0	0	0	0	0	0	0	0	0	0	0	0	0	0	0	0	0.000901713255184851	0	0	0	0	0.108431018935978	0	0	0	0	0	0	0.517583408476105	0.00383228133453562	0	0	0.190712353471596	0	0	0	0.0716862037871957	0	0	0	0	0	0	0	0	0.0117222723174031	0	0	0	0.00766456266907124	0	0	0	0	0	0.0146528403967538	0	0	0	0	0	0	0	0	0.00856627592425609	0	0	0	0	0	0	0	0	0	0.0263751127141569	0	0	0	0	0	0	0	0	0	0	0	0	0.000450856627592426	0	0	0	0	0	0	0	0	0	0	0	0	0	0	0	0	0	0	0	0	0	0	0	0	0	0	0	0	0.00405770964833183	0	0.00247971145175834	0	0.0229936880072137	0	0	0	0	0	0	0.00135256988277728	0	0	0.00653742110009017	0	0	0	0	0	0	0	0	0	0	0	0	0	0	0	0
ASCC162_1_3_0923_TP_1C_OM	0	0	0	0.00546448087431694	0.032103825136612	0.0211748633879781	0	0	0	0	0	0	0	0	0	0	0.00614754098360656	0	0	0	0.217896174863388	0	0	0	0.260928961748634	0	0	0	0	0	0	0	0	0	0	0	0	0	0	0.0245901639344262	0	0	0	0	0	0.0450819672131148	0	0	0.0430327868852459	0.0382513661202186	0	0	0	0	0.110655737704918	0	0	0	0	0	0	0	0	0	0	0	0	0	0	0	0	0	0.0211748633879781	0	0	0	0.00546448087431694	0.0211748633879781	0	0	0	0	0.00683060109289617	0	0	0.0245901639344262	0	0.037568306010929	0	0	0	0	0	0	0	0	0	0	0	0	0	0	0	0	0	0	0	0	0	0	0	0	0	0	0.00478142076502732	0	0	0	0.0560109289617486	0.00614754098360656	0	0	0	0	0	0	0	0	0.00478142076502732	0	0.00478142076502732	0	0	0	0	0	0	0	0	0	0	0	0	0	0	0	0	0	0	0.00136612021857923
ASCC163_13_88_0923_TP_1C_OM	0	0.109026369168357	0	0	0	0.0370182555780933	0	0	0	0.00456389452332657	0.0182555780933063	0	0	0	0	0	0.00354969574036511	0	0.0147058823529412	0	0	0	0	0	0	0	0	0	0	0	0	0	0.00253549695740365	0	0	0.00760649087221095	0	0	0	0.0354969574036511	0	0	0.0988843813387424	0	0	0	0	0	0.0314401622718053	0.0157200811359026	0	0	0	0.031947261663286	0.0593306288032454	0.0481744421906694	0.0136916835699797	0	0.00253549695740365	0	0	0	0	0	0	0	0	0	0	0	0	0.184584178498986	0	0	0	0	0.00405679513184584	0	0	0.0106490872210953	0	0	0.0197768762677485	0	0	0.0273833671399594	0.0654158215010142	0	0	0.0720081135902637	0	0	0	0	0	0	0	0	0.00354969574036511	0	0	0.00709939148073022	0	0	0	0	0	0	0.039553752535497	0	0	0	0	0	0	0.00202839756592292	0	0	0	0	0.00557809330628803	0	0	0	0	0	0	0.0111561866125761	0.00557809330628803	0	0	0.00608519269776876	0	0	0	0	0	0	0	0	0	0	0	0.00101419878296146	0	0	0	0	0	0
ASCC164_2_12_0923_TP_1C_OM	0	0	0	0	0	0	0	0	0	0	0	0	0	0	0	0	0	0	0	0	0	0	0	0	0.212538226299694	0	0	0	0	0	0	0	0	0	0	0	0	0	0.0229357798165138	0.214831804281346	0	0	0.00611620795107034	0	0	0	0	0	0.0244648318042813	0	0	0.0107033639143731	0.159021406727829	0	0	0	0	0	0	0	0	0	0	0	0	0	0	0	0	0	0	0	0.00458715596330275	0	0	0	0	0.0787461773700306	0	0	0	0	0	0	0	0	0.0718654434250764	0	0.0389908256880734	0	0	0	0	0	0	0	0	0	0	0	0.0122324159021407	0	0	0	0	0	0	0	0	0	0	0	0	0	0.0344036697247706	0	0	0	0	0.0756880733944954	0	0	0	0	0	0	0	0	0	0.00764525993883792	0	0	0	0.0168195718654434	0	0	0	0	0	0	0	0	0	0	0	0	0	0	0	0.00840978593272171
ASCC165_7_44_0923_TP_1C_OM	0.0422129836904381	0.0374160537256156	0.104253277902143	0.0284617844579469	0	0	0.0441317556763671	0.000959385992964503	0.111928365845859	0.0661976335145507	0	0.0927406459865686	0	0	0	0	0	0	0	0	0.00767508794371602	0	0	0.0380556443875919	0	0	0	0	0.00991365526063319	0	0	0	0.00191877198592901	0	0	0.0185481291973137	0	0	0	0.0537256156060122	0.118004477134634	0	0.00287815797889351	0	0	0.0147105852254557	0	0.00735529261272785	0.00991365526063319	0	0	0	0.00607611128877518	0.0243044451551007	0.0313399424368404	0.00991365526063319	0	0	0	0	0.00191877198592901	0	0.0118324272465622	0.0102334505916214	0.017268947873361	0	0	0	0	0	0	0	0.00895426926766869	0	0	0	0	0	0	0	0	0	0	0	0	0.00927406459865686	0.00767508794371602	0	0	0.00511672529581068	0.00991365526063319	0.00703549728173969	0	0	0	0.00703549728173969	0	0	0	0	0	0	0.00159897665494084	0	0	0	0	0	0	0	0	0	0	0	0.00383754397185801	0.00159897665494084	0	0	0	0	0	0.00127918132395267	0	0	0	0	0	0	0	0	0	0.00415733930284618	0	0.00607611128877518	0	0	0	0	0	0	0	0	0	0	0	0	0.000959385992964503	0	0	0.00159897665494084
ASCC166_5_32_0923_TP_1C_OM	0	0.0131578947368421	0	0.138639281129653	0.0179717586649551	0	0.029204107830552	0	0	0	0	0.0420410783055199	0.166880616174583	0	0	0	0.0102695763799743	0.00320924261874198	0	0	0.0420410783055199	0	0	0.0295250320924262	0.133504492939666	0	0	0	0	0.102695763799743	0	0.00353016688061617	0	0	0	0.0417201540436457	0	0	0	0.0179717586649551	0	0.0500641848523748	0	0	0	0.00545571245186136	0	0.0208600770218229	0	0	0	0.00128369704749679	0	0	0.00256739409499358	0	0	0	0	0	0	0	0	0.00417201540436457	0	0.00353016688061617	0	0	0	0	0	0.00641848523748395	0	0.00128369704749679	0	0	0	0.0144415917843389	0.00641848523748395	0.00224646983311938	0.00128369704749679	0	0	0	0	0.00641848523748395	0	0	0	0	0	0	0	0	0.0105905006418485	0.00706033376123235	0.00385109114249037	0.0182926829268293	0.00994865211810013	0	0	0	0	0.0144415917843389	0	0	0	0	0.000962772785622593	0	0.00288831835686778	0	0	0	0	0	0	0	0	0	0.00320924261874198	0.00770218228498074	0	0	0	0	0	0	0	0	0	0	0	0	0	0	0	0	0	0	0	0	0	0	0	0	0	0.00128369704749679	0.000962772785622593	0
ASCC167_15_100_0923_TP_1C_OM	0.0781456953642384	0.0443708609271523	0	0	0.0184105960264901	0	0	0	0	0.00317880794701987	0.0144370860927152	0	0	0	0.0109933774834437	0.0109933774834437	0.00185430463576159	0	0.00728476821192053	0	0.0164238410596027	0	0	0	0.0994701986754967	0	0	0	0	0	0	0	0.0170860927152318	0	0	0.00384105960264901	0	0.053112582781457	0	0.023046357615894	0.00158940397350993	0	0	0	0	0.0128476821192053	0	0	0	0.0287417218543046	0	0.266754966887417	0.00344370860927152	0.0760264900662252	0.00304635761589404	0.000529801324503311	0	0	0.0108609271523179	0	0.00198675496688742	0	0.00251655629139073	0.000397350993377483	0	0	0	0.0172185430463576	0	0	0	0	0.0243708609271523	0	0	0.000397350993377483	0.00622516556291391	0	0	0.0201324503311258	0	0	0.0033112582781457	0	0	0.0201324503311258	0.0119205298013245	0	0	0	0.00609271523178808	0.0170860927152318	0	0	0	0.00119205298013245	0	0	0	0	0	0	0.00516556291390729	0	0	0	0	0	0.0327152317880795	0	0	0	0	0	0.00211920529801325	0	0	0	0	0	0	0.00768211920529801	0	0.00304635761589404	0	0	0	0	0.00291390728476821	0	0.00264900662251656	0.00105960264900662	0	0.00225165562913907	0	0	0	0	0	0	0	0	0	0	0	0	0	0.000927152317880795	0	0
ASCC168_10_68_0923_TP_1C_OM	0	0.00155945419103314	0.181286549707602	0	0	0	0	0	0	0	0	0	0	0	0	0.133333333333333	0	0	0	0	0.00896686159844054	0	0	0	0.3364522417154	0	0	0	0	0	0	0	0	0	0	0	0.00350877192982456	0	0	0.037037037037037	0	0	0.0187134502923977	0	0	0.0639376218323587	0	0	0	0	0	0	0.0261208576998051	0	0.053411306042885	0.0226120857699805	0	0	0	0	0	0	0	0	0	0	0	0	0	0	0	0	0.00389863547758285	0	0	0	0	0	0	0.0198830409356725	0	0	0.00233918128654971	0	0	0.00662768031189084	0	0	0	0	0	0.0120857699805068	0	0	0	0.00779727095516569	0	0	0	0	0	0.00857699805068226	0.00662768031189084	0	0	0	0	0	0.00155945419103314	0	0	0	0	0	0.00155945419103314	0	0	0	0.0050682261208577	0.0128654970760234	0	0	0	0	0	0	0	0	0	0.0120857699805068	0.00740740740740741	0.00467836257309942	0	0	0	0	0	0	0	0	0	0	0	0	0	0	0	0	0	0
ASCC169_14_97_0923_TP_1C_OM	0	0.0455714810731349	0.268651231165013	0	0	0	0.0580668871738331	0	0	0	0.0253583241455347	0	0	0	0.350973906651966	0.0360161705255421	0.0400588019110621	0	0	0	0.0448364571848585	0	0	0	0.0121278941565601	0	0	0	0	0	0	0	0.0202131569276001	0	0	0.0102903344358692	0	0	0	0.0172730613744947	0	0	0.00257258360896729	0	0	0.013965453877251	0	0	0.0110253583241455	0	0	0	0.0069827269386255	0	0.00404263138552003	0	0	0	0	0	0	0	0	0	0	0	0	0	0	0	0	0	0	0	0	0	0.0143329658213892	0	0	0	0	0	0	0	0	0.0117603822124219	0	0	0	0	0	0	0	0	0	0	0	0	0	0	0	0.00404263138552003	0	0	0	0	0	0	0.00183755972069092	0	0	0	0	0	0	0	0	0	0	0	0	0	0	0	0	0	0	0	0	0	0	0	0	0	0	0	0	0	0	0	0	0	0	0	0	0	0	0	0	0
ASCC170_12_82_0923_TP_1C_OM	0	0.00364431486880466	0.378644314868805	0	0.0174927113702624	0	0	0	0	0.0229591836734694	0	0	0	0	0.00291545189504373	0.119533527696793	0.00182215743440233	0	0	0	0.0255102040816327	0	0	0	0.00728862973760933	0	0	0	0	0	0	0	0	0	0	0	0	0.0637755102040816	0.00619533527696793	0	0	0	0.186953352769679	0	0	0.0371720116618076	0	0	0	0	0	0	0.0178571428571429	0.00911078717201166	0	0	0	0	0	0	0	0	0	0	0	0	0	0.0207725947521866	0	0	0	0	0.00947521865889213	0	0	0	0	0.00801749271137026	0	0.0269679300291545	0	0.0174927113702624	0.00400874635568513	0	0	0	0	0	0	0	0	0	0	0	0	0.0010932944606414	0	0	0	0	0	0.00255102040816327	0	0	0	0	0	0	0	0	0	0	0	0	0	0	0	0	0	0	0	0	0	0	0	0	0	0	0	0.0032798833819242	0.00255102040816327	0	0	0	0	0	0	0	0.00291545189504373	0	0	0	0	0	0	0	0	0	0	0
ASCC171_3_16_0923_TP_1C_OM	0	0.0327608142493639	0.0407124681933842	0	0	0	0	0	0	0	0	0	0	0	0.525445292620865	0	0.0314885496183206	0	0.236959287531807	0	0	0	0	0	0	0	0	0	0	0	0	0	0.00254452926208651	0.0416666666666667	0	0.0133587786259542	0	0	0	0	0.0108142493638677	0	0	0	0	0	0	0	0	0	0	0	0	0	0	0	0	0	0	0	0	0	0	0	0	0	0.0276717557251908	0	0	0	0.0238549618320611	0	0	0	0	0	0	0	0	0	0	0	0	0.00699745547073791	0	0	0	0	0	0	0	0	0	0	0	0	0	0	0	0	0	0	0	0	0	0	0.00254452926208651	0	0	0	0	0	0	0	0	0	0.00190839694656489	0	0	0	0	0	0	0	0	0	0	0	0	0	0	0	0	0	0	0	0	0	0.00127226463104326	0	0	0	0	0	0	0	0	0	0	0
ASCC172_11_72_0923_TP_1C_OM	0	0.0237006237006237	0	0	0.00540540540540541	0	0	0	0	0.0345114345114345	0.0128898128898129	0	0	0	0	0.00540540540540541	0	0	0.00291060291060291	0	0.120582120582121	0.00623700623700624	0	0	0.108523908523909	0	0	0	0	0	0	0	0	0	0	0.0291060291060291	0	0	0	0.0299376299376299	0	0	0.0303534303534304	0	0	0.0303534303534304	0	0	0.0207900207900208	0.0232848232848233	0	0	0	0	0.345114345114345	0	0	0	0.00124740124740125	0	0	0	0.00831600831600832	0	0	0	0	0.0266112266112266	0	0	0	0	0.00665280665280665	0	0	0	0.0124740124740125	0	0	0	0	0	0.00748440748440748	0	0	0	0.00415800415800416	0	0	0	0	0.0266112266112266	0	0	0	0.00831600831600832	0	0	0	0	0	0.0145530145530146	0.00374220374220374	0	0	0	0	0	0	0	0	0	0	0	0.00291060291060291	0	0.0024948024948025	0	0.00665280665280665	0.00665280665280665	0	0.00415800415800416	0	0	0	0	0	0	0.0079002079002079	0.00498960498960499	0.00540540540540541	0	0	0.00207900207900208	0	0	0	0	0	0	0	0	0	0.0024948024948025	0	0	0	0.00374220374220374	0	0.00124740124740125
ASCC173_5_33_0923_TP_1C_OM	0	0.036101083032491	0.205550541516245	0	0	0.0241425992779783	0	0	0	0.0327166064981949	0.00744584837545126	0	0	0	0.000902527075812274	0	0	0.00112815884476534	0	0	0	0	0	0	0.0961191335740072	0	0	0	0	0	0	0	0	0	0	0	0.0232400722021661	0.147563176895307	0	0.0588898916967509	0	0	0	0.0306859205776173	0	0.0200812274368231	0	0	0	0	0	0	0.042870036101083	0.0552797833935018	0	0	0.0078971119133574	0	0	0	0.0139891696750903	0	0.0315884476534296	0	0	0	0	0	0	0	0	0.0135379061371841	0.0349729241877256	0	0	0	0	0	0	0.0381317689530686	0	0	0	0	0	0.0148916967509025	0.0072202166064982	0	0	0	0	0	0	0	0	0	0	0	0	0	0	0	0	0	0	0	0	0	0.0245938628158845	0	0	0	0	0	0.00902527075812274	0	0	0	0.0160198555956679	0.0036101083032491	0	0	0	0	0	0	0	0	0	0.00135379061371841	0	0	0	0	0	0	0	0	0	0	0	0	0	0	0	0	0	0	0	0.000451263537906137
ASCC174_3_15_0923_TP_1C_OM	0	0.139090309822017	0.130520764667106	0.00966820479015601	0	0	0	0	0	0	0.00922874093605801	0	0	0	0	0.198637662052296	0.00966820479015601	0	0	0	0.029663810151615	0	0	0	0.0628433311360141	0	0	0	0	0	0	0.005053834322127	0	0	0	0.021094264996704	0	0.230498791474401	0	0	0	0	0.036475499890134	0	0	0.020654801142606	0	0	0	0	0	0	0	0	0.027686222808174	0	0	0	0	0	0	0	0	0	0	0	0	0	0	0	0.014062843331136	0	0.001318391562294	0	0	0	0.012304987914744	0	0	0	0	0	0.00900900900900901	0	0	0	0	0	0	0.010327400571303	0	0	0	0	0	0	0	0	0	0	0	0	0	0	0	0	0	0	0	0	0	0	0	0	0	0	0.003076246978686	0	0	0.001318391562294	0	0.011865524060646	0	0	0	0	0	0	0	0.000878927708196001	0.002636783124588	0	0	0	0	0	0	0	0.000659195781147001	0	0	0	0	0.001757855416392	0	0	0	0	0	0
ASCC175_10_67_0923_TP_1C_OM	0	0.00080742834073476	0	0	0	0	0	0	0	0.00565199838514332	0	0	0	0	0.0104965684295519	0.158255954784013	0.00444085587404118	0	0	0	0.0302785627775535	0	0	0	0.0730722648364958	0	0	0	0	0	0	0.0173597093257973	0.117480823576908	0	0	0	0	0	0	0.0686314089624546	0	0	0	0	0	0.0109002825999193	0	0	0.0302785627775535	0.138473960436011	0	0.020185708518369	0.0080742834073476	0	0.00565199838514332	0	0	0	0.0129188534517562	0	0.0157448526443278	0	0	0	0	0	0	0.0193782801776342	0	0	0	0	0	0	0	0	0.00928542591844974	0.12636253532499	0	0	0	0.00363342753330642	0	0	0	0	0.0020185708518369	0	0	0	0.00444085587404118	0.0508679854662899	0	0	0	0	0	0	0	0	0	0.00928542591844974	0.00242228502220428	0	0	0	0	0	0	0	0	0	0	0	0.00524828421477594	0	0	0	0	0	0	0	0	0.0100928542591845	0	0	0	0	0	0	0.00968914008881712	0.00282599919257166	0	0.00363342753330642	0	0	0	0	0.0100928542591845	0	0	0	0	0.00080742834073476	0	0	0	0.00121114251110214	0	0
ASCC176_8_52_0923_TP_1C_OM	0	0.0141493912471208	0	0	0	0.0131622244159263	0	0	0	0.00723922342875946	0.018756169792695	0	0	0.00625205659756499	0	0.0128331688055281	0	0	0.00987166831194472	0	0.0322474498190194	0.00263244488318526	0	0	0.168476472523857	0.00197433366238894	0	0	0	0	0	0.00855544587035209	0.0338927278710102	0	0	0.00987166831194472	0	0	0	0.0598881210924646	0.00888450148075025	0	0	0	0	0.0092135570911484	0	0	0.0236920039486673	0.0197433366238894	0	0.0625205659756499	0	0	0	0.00394866732477789	0.00493583415597236	0	0	0.00756827903915762	0.01250411319513	0	0.0401447844685752	0	0	0	0.00197433366238894	0.01250411319513	0	0	0	0	0	0.0023033892727871	0	0	0.00658111220796315	0.0174399473511023	0	0	0	0.00789733464955577	0	0	0	0	0	0.188219809147746	0	0.0793024021059559	0	0.0138203356367226	0	0	0	0.00888450148075025	0	0	0.0023033892727871	0	0	0.00822639025995393	0.00493583415597236	0	0	0	0	0	0	0	0	0	0	0	0.00164527805199079	0	0	0	0.0023033892727871	0.00888450148075025	0.000987166831194472	0.0046067785455742	0	0.00493583415597236	0	0	0	0	0	0	0.0023033892727871	0	0	0.00559394537676867	0	0	0	0	0.00625205659756499	0	0	0	0	0.0151365580783152	0	0	0	0	0	0
ASCC177_14_94_0923_TP_1C_OM	0.0346172598732326	0.296440760604583	0.0433934666016577	0.131643100926377	0.0248659190638713	0.0156021452949781	0.0341296928327645	0	0	0	0.0336421257922964	0	0	0	0	0	0.0258410531448074	0	0	0	0.0999512432959532	0	0.00975134080936129	0	0.0316918576304242	0.0433934666016577	0	0	0	0	0	0	0	0	0	0	0	0	0	0	0	0	0.0195026816187226	0	0	0	0	0	0.00487567040468064	0.0185275475377864	0	0	0.0190151145782545	0	0	0	0	0	0	0	0	0	0	0	0.00195026816187226	0	0.00438810336421258	0	0	0.0234032179424671	0.0258410531448074	0.01511457825451	0	0	0	0.00292540224280839	0	0	0	0	0	0	0.00780107264748903	0	0	0	0	0	0	0	0	0	0	0	0	0	0	0	0	0	0	0.00341296928327645	0	0	0	0	0	0	0	0	0	0	0	0	0	0	0.0282788883471477	0	0	0	0	0	0	0	0	0	0	0	0	0	0	0	0	0	0	0	0	0	0	0	0	0	0	0	0	0	0	0	0	0
ASCC178_4_26_0923_TP_1C_OM	0.0631180919139034	0.00901687027341478	0	0	0	0	0.0116346713205352	0	0	0	0.0107620709714951	0	0	0	0	0	0.00901687027341478	0	0	0	0	0.035194880744619	0	0	0.0584642233856894	0.0119255381035486	0	0	0	0	0	0	0.128272251308901	0	0	0.089586969168121	0	0	0	0	0	0	0.343222803955788	0	0	0.00552646887725422	0	0	0	0	0	0	0.0116346713205352	0	0	0	0	0	0.029086678301338	0	0	0	0	0	0	0	0	0	0	0	0	0	0	0	0	0	0.0087260034904014	0.0700988947062245	0	0	0	0	0	0	0	0.0104712041884817	0	0	0	0.00058173356602676	0.0072716695753345	0	0	0	0	0	0	0	0	0	0	0.00261780104712042	0.00319953461314718	0	0	0	0	0	0	0	0	0	0	0	0	0	0	0	0.00203606748109366	0	0	0.012216404886562	0	0.0165794066317627	0	0	0	0	0.0366492146596859	0	0	0.0029086678301338	0	0	0	0	0	0	0.0101803374054683	0	0	0	0	0	0	0	0	0	0	0
ASCC179_16_110_0923_TP_1C_OM	0	0	0	0	0.000744379931517046	0	0	0	0	0	0	0	0	0	0.0381122524936728	0.00759267530147387	0.00238201578085455	0	0	0	0.0128033348220932	0.83578978710734	0	0	0.0510644633020694	0	0	0	0	0	0	0.00610391543843978	0	0	0	0	0	0	0	0.00789042727408069	0.00952806312341819	0	0	0	0	0.00178651183564091	0	0	0.00267976775346137	0	0	0	0	0	0	0	0	0	0.000595503945213637	0	0	0	0	0	0	0	0	0	0	0	0	0	0	0	0	0	0.00282864373976478	0.00878368319190115	0	0	0	0	0	0	0	0	0	0	0	0	0	0	0	0	0	0.00699717135626023	0	0	0	0	0	0	0.00119100789042727	0	0	0	0	0	0	0	0	0	0	0	0	0	0	0	0	0	0	0.000744379931517046	0	0	0	0	0	0	0	0	0	0	0	0	0	0	0	0	0.00238201578085455	0	0	0	0	0	0	0	0	0	0	0
ASCC180_7_43_0923_TP_1C_OM	0.00665004156275977	0.00748129675810474	0.35694098088113	0	0	0	0	0	0	0	0	0	0	0	0	0	0	0	0	0	0.0113050706566916	0	0	0	0.0340814630091438	0	0	0	0	0	0	0.0405652535328346	0.00914380714879468	0	0	0	0	0	0.00498753117206983	0.0468827930174564	0.0490440565253533	0	0	0	0	0.0144638403990025	0	0	0	0	0	0	0.0397339983374896	0.0440565253532835	0	0.0980881130507066	0	0	0.0108063175394846	0	0.00980881130507066	0	0.00116375727348296	0	0	0	0	0.00665004156275977	0	0	0	0.00365752285951787	0.0124688279301746	0.0458852867830424	0	0	0.00315876974231089	0.0151288445552785	0	0.0354114713216958	0	0.00166251039068994	0	0	0	0.00698254364089776	0.0131338320864505	0	0.0144638403990025	0.00133000831255195	0.00931005818786367	0.0106400665004156	0	0	0	0.000831255195344971	0	0	0	0	0	0	0.00166251039068994	0	0	0	0	0	0.00216126350789692	0	0	0	0	0	0.00332502078137988	0.000997506234413965	0	0	0.00980881130507066	0.0058187863674148	0	0	0	0.00166251039068994	0	0	0	0	0	0.00232751454696592	0.00199501246882793	0	0	0.00149625935162095	0	0	0	0	0.00199501246882793	0	0	0	0	0	0.000332502078137988	0	0	0	0	0.000498753117206983
ASCC181_11_73_0923_TP_1C_OM	0	0.00330188679245283	0	0	0.0080188679245283	0	0	0	0	0	0	0	0	0	0	0.0617924528301887	0.00613207547169811	0	0.00518867924528302	0	0.180660377358491	0.170283018867925	0	0	0.201415094339623	0	0	0	0	0	0	0	0	0	0	0	0	0.00849056603773585	0	0.0429245283018868	0	0	0	0	0	0.0320754716981132	0	0	0	0.0754716981132075	0	0	0	0.0542452830188679	0	0	0	0	0.00141509433962264	0	0	0	0	0	0	0	0	0	0	0	0	0	0	0	0	0	0.0080188679245283	0	0	0.0150943396226415	0	0	0	0	0	0	0	0	0	0	0.0127358490566038	0.0688679245283019	0	0	0	0.0150943396226415	0	0	0	0	0	0	0.00471698113207547	0	0	0	0	0	0	0	0	0	0	0	0.00471698113207547	0	0	0	0.00188679245283019	0.00566037735849057	0	0	0	0.00235849056603774	0	0	0	0	0.00518867924528302	0	0.00424528301886792	0	0	0	0	0	0	0	0	0	0	0	0	0	0	0	0	0	0	0
ASCC182_1_4_0923_TP_1C_OM	0.0182362547632009	0.0144256940664126	0	0	0	0	0	0	0	0.00544365813826892	0.00816548720740337	0	0	0	0	0.272999455634186	0	0	0	0	0	0.00272182906913446	0	0	0.114861186717474	0	0	0	0	0	0	0	0	0	0	0	0	0	0.0582471420794774	0.0185084376701143	0.0035383777898748	0	0.000816548720740337	0	0	0.00571584104518236	0	0	0.0696788241698421	0.116766467065868	0	0	0.0187806205770278	0	0	0	0.00789330430048993	0	0.00571584104518236	0	0.00489929232444202	0	0.119760479041916	0	0	0	0	0.0391943385955362	0	0	0.00789330430048993	0	0.0337506804572673	0	0	0	0.00435492651061513	0	0	0	0	0	0	0	0	0	0.0130647795318454	0	0.0111594991834513	0	0.000544365813826892	0	0	0	0	0.0125204137180185	0	0	0	0	0	0	0	0	0	0	0	0	0	0	0	0	0	0	0.00626020685900925	0	0	0	0.00326619488296135	0	0	0	0	0	0	0	0	0	0	0	0.000816548720740337	0	0	0	0	0	0	0	0	0	0	0	0	0	0	0	0	0	0	0
ASCC183_4_24_0923_TP_1C_OM	0.0541368743615935	0.027919645897174	0	0	0.00817160367722165	0	0	0	0	0.0180456247871978	0.041879468845761	0	0	0	0	0.0503915560095335	0.00170241743275451	0	0	0	0	0	0	0	0.0534559073884917	0	0	0	0	0	0	0.00408580183861083	0	0	0	0.00646918624446714	0	0	0.00544773578481444	0.0156622403813415	0	0	0	0	0	0.0282601293837249	0	0	0.0119169220292816	0.110997616615594	0	0	0.0401770514130065	0.0623084780388151	0.179434797412326	0.0367722165474974	0.00374531835205993	0	0	0	0	0	0	0	0.105209397344229	0	0	0.00578821927136534	0	0	0.0217909431392577	0	0.00646918624446714	0	0	0	0.00987402110997617	0	0	0	0	0.00272386789240722	0.0248552945182159	0	0	0	0	0.00476676881171263	0.00953353762342526	0	0	0.00340483486550902	0	0	0	0.00715015321756895	0	0	0	0	0	0	0.00306435137895812	0	0	0	0	0	0.00170241743275451	0	0	0	0	0	0.00749063670411985	0	0	0	0	0.0149812734082397	0	0	0	0	0	0	0	0	0.00442628532516173	0.00340483486550902	0	0.00102145045965271	0	0	0	0	0	0	0	0	0	0	0	0.00136193394620361	0	0	0	0	0	0
ASCC185_15_101_0923_TP_1C_OM	0	0.00509482026606284	0	0	0.00566091140673648	0	0	0	0	0.00679309368808378	0	0	0	0	0	0.260118879139541	0.000566091140673648	0	0	0	0.0220775544862723	0	0	0	0.0387772431361449	0	0	0	0	0	0	0.000566091140673648	0.0147183696575149	0	0	0.0495329748089442	0	0.0121709595244834	0	0.0512312482309652	0	0	0	0	0	0	0	0	0.0365128785734503	0.0880271723747523	0	0.00311350127370507	0.00905745825077837	0.0617039343334277	0.0684970280215115	0	0.00537786583639966	0	0.0750070761392584	0	0.0424568355505236	0	0	0.00198131899235777	0	0	0	0.0150014152278517	0	0	0	0	0	0	0	0	0	0.00679309368808378	0	0	0	0	0	0	0	0.0152844607981885	0.00339654684404189	0	0	0	0.0133031418058307	0.0093405038211152	0	0	0	0.00792527596943108	0	0	0	0	0	0.000566091140673648	0.000566091140673648	0	0	0	0	0	0	0	0	0	0	0	0.0254741013303142	0	0	0	0	0	0	0	0	0.0266062836116615	0	0	0	0	0	0	0	0.00679309368808378	0	0.00679309368808378	0	0	0	0	0	0	0	0	0	0	0	0	0	0	0	0.00311350127370507
ASCC186_9_60_0923_TP_1C_OM	0	0.0128968253968254	0	0.0112433862433862	0	0.0231481481481481	0.0228174603174603	0	0	0.0221560846560847	0	0	0	0	0.103835978835979	0	0.00661375661375661	0	0.00727513227513227	0	0.0125661375661376	0	0	0	0.0343915343915344	0	0	0	0	0	0	0.0085978835978836	0.0618386243386243	0	0	0.424603174603175	0	0	0	0.0105820105820106	0	0	0.0945767195767196	0	0	0.0042989417989418	0	0	0.0085978835978836	0	0	0	0	0	0	0	0	0	0.000992063492063492	0	0	0	0.00694444444444444	0	0	0	0	0.00958994708994709	0	0	0.0221560846560847	0	0	0	0	0	0.0132275132275132	0	0	0	0	0	0.00992063492063492	0	0	0	0	0	0	0	0	0	0	0	0	0	0.00297619047619048	0	0	0	0	0	0.0105820105820106	0	0	0	0	0	0	0	0	0	0	0	0	0	0	0	0	0	0	0.0413359788359788	0	0	0	0	0	0	0	0	0	0	0	0	0	0	0	0	0.00529100529100529	0	0	0	0	0.00264550264550265	0	0.0042989417989418	0	0	0	0
ASCC189_13_87_0923_TP_1C_OM	0	0.00837026095519449	0	0	0	0	0	0	0	0	0.0221565731166913	0	0	0	0	0.0236336779911374	0	0	0	0	0.191038897095027	0	0.0211718365337272	0	0.0920728705071393	0	0	0	0	0	0	0.0182176267848351	0.0128015755785327	0	0	0	0.00147710487444609	0.231413096996553	0	0.085672082717873	0.0187099950763171	0	0	0	0	0.0576070901033973	0	0	0.0320039389463319	0	0	0	0.00984736582964057	0	0	0	0	0	0.00393894633185623	0	0.0280649926144756	0	0	0	0	0	0	0	0	0	0	0	0.0206794682422452	0	0	0	0.00640078778926637	0	0	0	0	0	0	0	0	0.0182176267848351	0.00590841949778434	0	0	0.0359428852781881	0.00443131462333826	0.00935499753815854	0	0	0	0.0187099950763171	0	0	0	0	0	0	0.00147710487444609	0	0	0	0	0	0	0	0	0	0	0	0.00640078778926637	0	0	0	0	0.00837026095519449	0	0	0	0	0	0	0	0	0	0	0	0.00147710487444609	0	0	0	0	0	0	0	0	0	0	0	0.00443131462333826	0	0	0	0	0	0
ASCC190_16_111_0923_SJ_1C_OM	0	0	0	0	0.0101408450704225	0	0	0	0	0	0	0	0	0	0	0	0.00901408450704225	0	0	0	0.0664788732394366	0	0	0	0.0845070422535211	0	0	0	0	0	0	0	0.170140845070423	0	0	0.00507042253521127	0	0	0	0.0236619718309859	0	0	0	0	0	0.083943661971831	0	0	0	0.0123943661971831	0	0.00112676056338028	0	0	0	0.00394366197183099	0	0	0.00788732394366197	0	0.0112676056338028	0	0.091830985915493	0	0	0	0	0.0428169014084507	0	0	0	0	0.0636619718309859	0	0	0	0.0225352112676056	0	0	0.11887323943662	0	0	0.00563380281690141	0	0	0.0214084507042254	0	0.0456338028169014	0	0	0.0146478873239437	0	0	0.0095774647887324	0	0.0202816901408451	0	0	0	0	0	0.00563380281690141	0	0	0	0	0	0	0.0236619718309859	0	0	0	0	0	0.00225352112676056	0	0	0	0.0123943661971831	0	0	0	0	0	0	0	0	0	0.00338028169014085	0	0.00394366197183099	0	0	0	0	0	0	0	0	0	0	0	0	0	0	0	0	0.00225352112676056	0	0
ASCC191_T3B_2_0923_SJ_1C_OM	0	0	0.0257622311510281	0.00779957456865989	0	0	0	0	0	0	0	0	0	0	0	0	0.00165445521153392	0	0	0.0985582604585204	0	0	0	0	0	0	0	0	0	0	0.502481682817301	0	0	0	0.000945402978019381	0	0	0	0.0983219097140156	0	0	0	0	0.0607421413377452	0	0	0	0	0	0	0	0	0	0	0	0	0	0	0	0	0	0	0	0	0	0	0.00141810446702907	0	0.0517608130465611	0	0.0231623729614748	0.016780902859844	0	0.0597967383597258	0	0	0	0	0	0	0	0	0	0	0	0	0	0	0	0	0	0	0	0	0	0.013708343181281	0	0	0.000945402978019381	0	0	0	0.00118175372252423	0	0	0	0.00189080595603876	0	0	0	0	0.0047270148900969	0	0.0025998581895533	0	0.00638147010163082	0	0	0	0	0.00354526116757268	0	0	0	0	0	0	0	0	0	0	0	0.00307255967856299	0	0	0	0	0	0	0	0	0.00709052233514536	0	0	0	0.00354526116757268	0.00212715670054361	0	0	0
ASCC192_T2A_4_0923_SJ_1C_OM	0.00492535016161305	0.00908111436047407	0.0204709866092042	0.482068647067877	0	0	0.0244728336155149	0	0	0	0	0.0243189164229644	0.016623056795444	0	0	0	0.000615668770201632	0	0.0164691396028936	0.00169308911805449	0	0	0.00246267508080653	0.00861936278282284	0	0	0.00692627366476835	0	0	0.0503309219639834	0	0	0	0	0.00230875788825612	0	0	0	0	0	0	0.0732645836539941	0	0	0.0572571956287517	0	0.00569493612436509	0.00892719716792366	0	0	0	0	0	0	0	0	0	0.0851162074803756	0.0144682160997383	0.0020009235031553	0	0	0	0.00153917192550408	0.00677235647221795	0	0.00153917192550408	0	0	0	0	0	0	0	0	0	0	0	0	0.00354009542865938	0.0058488533169155	0	0	0.00846544559027243	0	0	0	0	0	0.0104663690934277	0	0	0.00292442665845775	0	0	0	0	0	0	0	0	0	0	0	0.00123133754040326	0.00369401262120979	0.00754194243496999	0	0	0	0.00569493612436509	0	0	0.0020009235031553	0	0	0.000923503155302447	0	0	0	0	0	0	0	0	0.00123133754040326	0.00631060489456672	0	0	0	0	0	0	0	0	0.00123133754040326	0.00138525473295367	0.000615668770201632	0	0.00323226104355857	0	0.000769585962752039	0.00107742034785286	0	0.000615668770201632	0.000461751577651224	0	0.00107742034785286	0.00169308911805449	0
ASCC194_C1_5_0923_SJ_1C_OM	0.00653289780681288	0.0545963602426505	0	0.218618758749417	0	0	0.0450303313112459	0.00629958002799813	0	0	0	0.00699953336444237	0.0142323845076995	0	0	0	0	0	0.21978534764349	0.0604293047130191	0	0.00466635557629491	0.00303313112459169	0	0	0	0	0	0	0.0415305646290247	0	0	0	0	0.00676621558562762	0	0	0	0	0	0	0.0153989734017732	0	0.0466635557629491	0	0.0230984601026598	0	0.0102659822678488	0	0	0	0	0	0	0	0	0	0.0123658422771815	0	0	0	0	0	0.00419972001866542	0	0.0149323378441437	0.00699953336444237	0	0	0	0	0	0	0	0	0	0	0	0	0	0.0478301446570229	0.0100326644890341	0	0.0191320578628091	0	0	0	0.0223985067662156	0	0	0	0	0	0	0.00979934671021932	0.00349976668222119	0	0.00373308446103593	0.00373308446103593	0	0	0	0.0198320111992534	0.0125991600559963	0	0	0.00536630891273915	0	0	0	0	0	0	0.00653289780681288	0	0.00373308446103593	0	0	0	0	0	0	0	0	0	0.00186654223051797	0	0	0	0	0	0	0	0	0.000699953336444237	0	0	0	0	0.0025664955669622	0.00186654223051797	0.000933271115258983	0	0	0.00139990667288847	0	0	0	0	0
ASCC195_C2_2_0923_SJ_1C_OM	0.27219512195122	0.0484552845528455	0	0.0952845528455285	0	0	0.032520325203252	0.000650406504065041	0	0.0608130081300813	0	0.0413008130081301	0	0.0614634146341463	0	0	0	0.00845528455284553	0	0.0409756097560976	0	0.0032520325203252	0	0.00195121951219512	0	0	0	0	0	0	0	0	0	0	0	0	0.129430894308943	0	0	0	0	0	0	0.0786991869918699	0	0	0	0.0159349593495935	0	0	0	0	0.0308943089430894	0	0	0	0	0	0.00357723577235772	0	0	0	0	0	0.0234146341463415	0	0	0	0	0.0100813008130081	0	0	0	0	0.0113821138211382	0	0	0	0	0	0	0	0	0	0	0	0	0	0	0	0	0	0	0	0	0	0.00227642276422764	0	0	0.00617886178861789	0	0	0	0	0	0.0133333333333333	0	0	0	0	0	0	0.00747967479674797	0	0	0	0	0	0	0	0	0	0	0	0	0	0	0	0	0	0	0	0	0	0	0	0	0	0	0	0	0	0	0	0	0	0	0	0	0
ASCC196_T1B_3_0923_SJ_1C_OM	0.00779750479846449	0.0116362763915547	0.0394673704414587	0.0305902111324376	0	0	0.0105566218809981	0.00203934740882917	0	0	0	0.0167946257197697	0.010436660268714	0	0	0	0	0	0	0.0115163147792706	0	0	0.16746641074856	0.00647792706333973	0	0.000839731285988484	0.31309980806142	0.211492322456814	0.000719769673704415	0	0.057341650671785	0	0	0	0	0	0	0	0.0513435700575816	0	0	0	0	0	0	0	0	0.00239923224568138	0	0	0	0	0.00443857965451056	0	0	0	0	0	0.00275911708253359	0.00635796545105566	0	0	0	0	0	0	0.000239923224568138	0	0	0.00551823416506718	0	0	0	0.00131957773512476	0	0	0	0	0	0	0	0	0	0	0	0	0	0	0.00263915547024952	0	0	0	0	0	0	0	0	0	0.000479846449136276	0.0106765834932821	0	0	0	0	0	0	0.00227927063339731	0	0	0	0.00119961612284069	0.00251919385796545	0.00599808061420345	0	0	0	0	0	0	0	0	0	0	0	0	0	0	0	0	0	0	0	0	0.000479846449136276	0	0	0	0	0	0	0	0	0.00107965451055662	0	0	0	0	0	0	0
ASCC198_T1C_6_0923_SJ_1C_OM	0	0	0.00391330523780855	0.0981336544250452	0	0	0.00240818783865141	0	0.0045153521974714	0	0	0.0102347983142685	0	0	0	0	0	0	0.0198675496688742	0.153822998193859	0	0	0	0.00391330523780855	0.00210716435881999	0	0.076158940397351	0.0147501505117399	0	0	0.348284166164961	0	0	0	0.0713425647200482	0	0	0	0.0316074653822998	0	0	0	0	0	0	0.0138470800722456	0	0	0	0	0.00120409391932571	0	0	0.00511739915713426	0	0	0	0	0	0	0	0	0	0.00210716435881999	0.0180614087898856	0	0.00090307043949428	0	0	0	0.0255869957856713	0	0	0.0258880192655027	0	0	0	0	0	0	0.00752558699578567	0	0	0.0078266104756171	0	0	0	0	0	0	0	0	0	0	0.00662251655629139	0	0	0.0135460565924142	0	0	0	0	0.0105358217940999	0	0	0	0	0	0	0.00361228175797712	0	0.0033112582781457	0	0.00150511739915713	0	0	0	0	0	0	0.00210716435881999	0	0	0	0	0	0	0	0	0	0	0	0.00090307043949428	0	0	0.00090307043949428	0.00120409391932571	0	0	0	0.00662251655629139	0	0	0	0	0	0	0	0	0
ASCC201_T2B_4_0923_SJ_1C_OM	0.0436440677966102	0.0432203389830508	0.0588983050847458	0.433050847457627	0	0	0.107203389830508	0	0	0	0	0.0114406779661017	0.0470338983050847	0	0	0	0	0.0508474576271186	0	0	0	0	0	0.0411016949152542	0	0	0.00211864406779661	0	0	0.00254237288135593	0	0	0	0	0.00593220338983051	0	0	0	0	0	0	0.0402542372881356	0	0	0.0114406779661017	0	0.00805084745762712	0	0	0	0	0	0	0	0	0	0	0.0076271186440678	0	0	0	0	0	0.0211864406779661	0	0	0.00254237288135593	0	0	0	0	0	0	0	0	0	0	0	0	0	0	0	0	0	0	0	0	0	0	0	0	0	0.014406779661017	0	0	0	0	0	0	0	0	0	0	0	0	0	0.00296610169491525	0	0	0.00423728813559322	0.00550847457627119	0.00296610169491525	0	0.0076271186440678	0	0	0	0	0	0	0	0	0.00932203389830509	0	0.00466101694915254	0.00338983050847458	0	0.00211864406779661	0	0	0	0	0	0	0	0	0	0.00211864406779661	0	0	0	0	0	0	0.00254237288135593	0	0	0	0	0
ASCC202_C4_6_0923_SJ_1C_OM	0.0034435261707989	0.00619834710743802	0.258953168044077	0	0	0	0.00482093663911846	0.018595041322314	0	0	0	0	0	0	0	0	0	0	0	0.102617079889807	0	0	0.139979338842975	0.00241046831955923	0	0	0	0	0	0	0	0	0	0.0716253443526171	0.00189393939393939	0	0.00396005509641873	0	0.0590564738292011	0.000516528925619835	0	0.0420110192837466	0	0.09383608815427	0	0	0	0.00292699724517906	0	0	0	0	0	0	0	0	0	0	0	0.0630165289256198	0	0	0.0161845730027548	0	0.028064738292011	0	0.000860881542699725	0	0	0.0118801652892562	0	0	0	0.000860881542699725	0.00258264462809917	0	0	0	0.00068870523415978	0	0.00378787878787879	0	0	0.00568181818181818	0.0068870523415978	0	0	0.0103305785123967	0	0	0	0	0	0.00396005509641873	0	0.00241046831955923	0	0	0	0	0	0	0	0	0	0	0.00275482093663912	0	0	0	0.0113636363636364	0.00103305785123967	0	0.00223829201101928	0	0	0	0	0	0	0	0	0.00034435261707989	0	0	0	0.000860881542699725	0	0	0	0	0	0.00137741046831956	0	0.00550964187327824	0.00120523415977961	0	0.00034435261707989	0	0	0.00223829201101928	0	0	0	0	0	0	0	0.00068870523415978	0
ASCC203_C3_4_0923_SJ_1C_OM	0	0	0.124141876430206	0	0	0	0	0	0	0	0	0.0034324942791762	0	0	0	0	0	0.0080091533180778	0	0	0	0	0	0.0137299771167048	0	0	0	0	0	0	0	0	0	0.0028604118993135	0.0017162471395881	0	0	0	0.0102974828375286	0	0	0.0389016018306636	0	0	0	0	0	0	0	0	0.169908466819222	0	0	0	0	0	0	0	0.0434782608695652	0	0	0	0	0	0	0	0	0	0	0	0	0	0	0	0	0	0	0	0.0062929061784897	0	0	0	0	0	0.158466819221968	0	0	0	0	0	0	0	0.326659038901602	0	0	0	0	0	0	0.0062929061784897	0	0	0	0	0.0102974828375286	0	0.005720823798627	0	0	0	0	0	0.0074370709382151	0	0	0.0102974828375286	0	0	0	0	0	0	0	0	0	0	0	0	0	0	0	0	0	0	0	0.040045766590389	0	0.0062929061784897	0	0	0	0	0.005720823798627	0	0	0	0	0	0	0
ASCC204_T4A_4_0923_SJ_1C_OM	0	0.0147058823529412	0.00490196078431373	0.225490196078431	0	0	0.0378787878787879	0	0.00222816399286988	0	0	0.0663992869875223	0.250445632798574	0	0	0	0.00623885918003565	0.00802139037433155	0	0	0	0	0	0.0151515151515152	0	0	0	0	0	0.131461675579323	0	0	0	0	0.00401069518716578	0	0	0	0	0	0	0.0677361853832442	0	0	0	0	0.00222816399286988	0.0191622103386809	0	0	0	0	0	0	0	0	0	0	0	0	0	0	0	0.00490196078431373	0	0.00579322638146168	0	0	0	0	0	0.0035650623885918	0	0	0	0	0	0	0.0071301247771836	0	0.00267379679144385	0	0	0	0	0	0	0	0	0	0	0	0.00757575757575758	0.0129233511586453	0.0102495543672014	0	0	0.0271836007130125	0.017379679144385	0	0	0	0	0.0222816399286988	0	0.0142602495543672	0	0	0	0	0	0	0	0	0	0	0	0	0	0	0.00579322638146168	0	0	0	0	0	0	0	0	0	0	0	0	0	0	0	0	0	0	0	0	0	0	0	0.00222816399286988	0	0	0	0	0
ASCC205_C2_5_0923_SJ_1C_OM	0	0.088785046728972	0	0.154205607476636	0	0	0.308411214953271	0	0.014018691588785	0	0	0.121495327102804	0.126168224299065	0	0	0	0	0	0	0	0	0	0	0.135514018691589	0	0	0	0	0	0	0	0	0	0	0	0	0	0	0	0	0	0	0	0	0	0	0	0	0	0	0	0	0	0	0	0	0	0	0	0	0	0.00934579439252336	0	0	0	0	0	0	0	0	0	0	0	0	0	0	0	0	0	0	0.0186915887850467	0	0	0	0	0	0	0	0	0	0	0	0	0	0	0	0.0233644859813084	0	0	0	0	0	0	0	0	0	0	0	0	0	0	0	0	0	0	0	0	0	0	0	0	0	0	0	0	0	0	0	0	0	0	0	0	0	0	0	0	0	0	0	0	0	0	0	0	0	0	0	0	0
ASCC206_T4B_4_0923_SJ_1C_OM	0.0900473933649289	0.315165876777251	0	0	0.0576619273301738	0.113744075829384	0	0	0	0.101895734597156	0.184834123222749	0	0	0	0	0	0.0315955766192733	0	0	0	0.0268562401263823	0.00789889415481832	0	0	0	0	0	0	0	0	0	0	0	0	0	0	0	0	0	0	0	0	0	0	0	0.00394944707740916	0	0	0	0	0	0.00789889415481832	0	0	0	0	0	0	0	0	0	0	0	0	0	0	0	0	0	0	0	0	0	0	0	0	0	0	0	0	0	0.0221169036334913	0	0	0	0	0	0.0244865718799368	0	0.0118483412322275	0	0	0	0	0	0	0	0	0	0	0	0	0	0	0	0	0	0	0	0	0	0	0	0	0	0	0	0	0	0	0	0	0	0	0	0	0	0	0	0	0	0	0	0	0	0	0	0	0	0	0	0	0	0	0	0	0	0	0	0
ASCC207_T3A_6_0923_SJ_1C_OM	0	0	0.181301326595073	0.111813013265951	0	0	0.0113708149084018	0.00315855969677827	0.0120025268477574	0	0	0	0.0151610865445357	0	0	0	0	0.00568540745420088	0	0	0	0	0	0.0890713834491472	0	0	0.108022741629817	0	0	0	0	0	0	0	0.00568540745420088	0	0	0	0.0530638029058749	0	0	0.0549589387239419	0	0	0.0113708149084018	0	0.0770688566013898	0	0	0	0.0113708149084018	0	0	0	0	0	0.00694883133291219	0.0208464939987366	0.00189513581806696	0	0	0	0	0.0126342387871131	0	0	0.00252684775742262	0	0	0.0530638029058749	0	0	0	0	0	0	0	0	0	0	0	0.109917877447884	0	0	0.00252684775742262	0	0	0	0	0	0	0	0	0	0	0	0	0	0	0	0	0	0	0	0	0	0	0.0208464939987366	0	0	0.0107391029690461	0	0	0	0	0	0	0	0	0	0	0	0.00252684775742262	0	0	0	0	0	0	0	0	0	0	0	0	0	0	0	0	0	0	0	0	0	0.00442198357548958	0	0	0	0	0
ASCC208_T1A_6_0923_SJ_1C_OM	0.00198019801980198	0.0342291371994342	0	0.00707213578500707	0	0	0.0195190947666195	0	0	0	0	0	0.00282885431400283	0	0	0	0	0	0.291654879773692	0.132673267326733	0	0.108910891089109	0	0	0.0418670438472419	0	0	0	0.00282885431400283	0	0.0248939179632249	0.0282885431400283	0.00650636492220651	0	0	0	0	0	0.0265912305516266	0.0217821782178218	0	0	0	0	0	0.0325318246110325	0	0	0	0	0	0	0	0.0644978783592645	0	0	0	0	0	0.000848656294200849	0	0	0.00707213578500707	0.000848656294200849	0	0	0	0	0.00254596888260255	0	0.00707213578500707	0	0	0	0	0.00141442715700141	0	0	0	0	0.00452616690240453	0	0	0	0	0	0	0	0.0274398868458274	0	0	0	0	0	0.013012729844413	0	0	0	0	0	0	0.039038189533239	0.0314002828854314	0	0	0	0	0	0	0	0	0.000565770862800566	0	0.00113154172560113	0	0.0016973125884017	0	0	0	0	0	0	0	0	0	0	0	0	0	0	0	0	0.00367751060820368	0	0	0	0	0	0	0	0.0016973125884017	0.00113154172560113	0	0	0.00424328147100424	0.00198019801980198	0	0	0	0
ASCC209_T3A_5_0923_SJ_1C_OM	0.102127659574468	0.0485106382978723	0.0868085106382979	0	0	0.203404255319149	0.0663829787234042	0	0.0348936170212766	0	0	0.223829787234043	0.0536170212765957	0	0	0	0	0	0	0	0	0	0	0.0893617021276596	0	0	0	0	0.0229787234042553	0	0	0	0	0	0	0	0	0	0	0	0	0	0	0	0	0	0.0587234042553191	0	0	0	0	0	0	0	0	0	0	0	0	0	0	0	0	0.0051063829787234	0	0	0	0	0	0	0	0	0	0	0	0	0	0	0	0	0	0	0	0	0	0	0	0	0	0	0	0	0	0	0	0	0	0	0	0	0	0	0	0	0	0	0	0	0	0	0	0	0	0	0	0	0	0	0	0	0	0	0.00425531914893617	0	0	0	0	0	0	0	0	0	0	0	0	0	0	0	0	0	0	0	0	0	0	0	0	0	0	0
ASCC210_T2C_7_0923_SJ_1C_OM	0	0	0.0511272141706924	0.377214170692432	0	0	0.00563607085346216	0.00805152979066022	0	0	0	0.00644122383252818	0.0132850241545894	0	0	0	0	0.00563607085346216	0	0	0	0	0.0539452495974235	0.00684380032206119	0	0.0201288244766506	0.0124798711755233	0	0	0	0	0	0	0.165861513687601	0	0	0	0	0	0	0	0.036231884057971	0	0	0	0	0.0640096618357488	0	0	0	0	0	0	0	0	0	0	0.0036231884057971	0	0	0	0	0	0.00120772946859903	0	0.0225442834138486	0.0112721417069243	0	0	0	0	0	0	0	0	0	0	0	0.0426731078904992	0	0	0	0	0	0	0	0	0	0	0	0	0	0	0	0.00764895330112721	0	0	0	0	0	0	0	0	0	0.00201288244766506	0.0104669887278583	0.00161030595813205	0	0	0.00402576489533011	0	0	0	0.00925925925925926	0	0	0	0.00201288244766506	0	0	0	0	0	0	0.0446859903381642	0.00442834138486312	0	0	0	0	0	0	0	0	0	0	0	0	0	0.000805152979066023	0	0	0.00120772946859903	0	0	0	0	0	0.0036231884057971	0
ASCC211_C4_4_0923_SJ_1C_OM	0.00616491137939892	0.0208065759054714	0.0146416645260724	0.438479321859748	0	0	0.0346776265091189	0	0	0	0	0.0154122784484973	0.0141279219111225	0	0	0	0	0	0	0	0	0	0	0.011302337528898	0	0	0	0	0	0.0120729514513229	0	0	0	0.00154122784484973	0.00565116876444901	0	0.011302337528898	0	0	0	0	0.0354482404315438	0	0	0.00976110968404829	0	0	0.0159260210634472	0	0	0	0	0	0	0	0	0	0.0023118417672746	0	0	0	0.14410480349345	0	0.00154122784484973	0.00770613922424865	0.0996660673002826	0.0023118417672746	0	0	0	0	0	0	0	0	0	0	0	0	0	0.0315951708194195	0	0	0	0	0	0	0	0	0	0	0	0.00488055484202415	0	0	0	0.0220909324428461	0.00410994091959928	0.00436681222707424	0	0	0	0	0.0051374261494991	0.0023118417672746	0	0	0	0	0.00462368353454919	0	0	0	0	0	0	0	0.00462368353454919	0	0	0	0	0.00205497045979964	0	0.00359619830464937	0	0	0	0	0	0	0	0	0	0.00051374261494991	0	0	0.00179809915232469	0	0	0	0	0	0	0	0.00128435653737478	0	0.00205497045979964	0	0
ASCC212_T4C_6_0923_SJ_1C_OM	0.102269619907028	0.0541427399507793	0.0317199890620727	0.0686354935739677	0	0.0344544708777687	0.0628930817610063	0	0.153951326223681	0.0229696472518458	0	0.135903746240087	0.0306261963357944	0.00984413453650533	0	0	0	0.0103910308996445	0	0.00902378999179656	0	0	0.0202351654361498	0.0287120590648072	0	0	0	0.00191413727098715	0.000820344544708778	0.0101175827180749	0	0	0	0	0.00109379272627837	0	0.0648072190319934	0	0.0254306808859721	0	0	0.00847689362865737	0	0.0194148208914411	0	0	0	0.020782061799289	0	0	0	0	0	0	0	0	0	0	0.00191413727098715	0	0	0	0	0.000820344544708778	0.00519551544982226	0	0.000820344544708778	0	0	0	0	0	0	0.0112113754443533	0.0038282745419743	0	0	0	0	0	0	0	0	0	0	0	0	0	0	0	0	0	0	0.00273448181569593	0	0	0	0	0	0.00300792999726552	0	0	0	0	0.00792999726551818	0.0117582718074925	0	0.0117582718074925	0	0	0	0	0	0	0	0	0	0	0	0	0	0	0.0038282745419743	0	0.00273448181569593	0	0	0	0	0	0	0	0	0	0.00191413727098715	0	0	0.000820344544708778	0	0	0	0	0.00109379272627837	0	0	0	0	0	0	0
ASCC213_T3A_4_0923_SJ_1C_OM	0	0	0	0.673544583640383	0	0	0	0.0147383935151069	0	0	0	0	0	0	0	0	0	0.00552689756816507	0	0	0	0	0	0.00442151805453206	0	0.0935887988209285	0	0	0	0	0	0	0	0	0.187177597641857	0	0	0	0	0	0	0	0	0	0	0	0	0	0	0	0	0	0	0	0	0	0	0	0	0	0	0	0	0.00221075902726603	0	0	0.00110537951363301	0	0	0	0	0	0	0	0	0	0	0	0	0	0	0	0	0	0	0	0	0	0	0	0	0	0	0	0	0	0	0	0.0125276344878408	0	0	0	0	0	0	0	0	0	0	0	0	0	0	0	0	0	0	0.0051584377302874	0	0	0	0	0	0	0	0	0	0	0	0	0	0	0	0	0	0	0	0	0	0	0	0	0	0	0	0	0	0	0	0
ASCC214_C1_4_0923_SJ_1C_OM	0	0	0.0173631547969394	0.170982931135962	0	0	0	0	0	0	0	0	0	0	0	0	0	0	0.00235432607416127	0	0	0	0	0.00147145379635079	0	0	0	0	0	0	0.107416127133608	0	0	0	0.00294290759270159	0	0	0	0	0	0	0	0	0.232489699823426	0	0	0	0.00618010594467334	0	0	0	0	0	0	0	0	0	0.0147145379635079	0	0	0	0	0	0	0.00294290759270159	0.201294879340789	0.0105944673337257	0	0	0	0	0	0	0	0	0.0276633313713949	0	0	0.00706297822248381	0	0.00147145379635079	0	0	0	0	0	0	0	0	0	0	0	0	0.0147145379635079	0.00618010594467334	0	0	0.0779870512065921	0.0188346085932902	0	0	0	0	0.00147145379635079	0.00147145379635079	0	0	0	0	0.0114773396115362	0.00676868746321365	0	0	0.00235432607416127	0	0	0	0.0361977633902295	0	0	0.00529723366686286	0	0	0	0	0.00235432607416127	0	0	0	0	0	0	0.00264861683343143	0	0	0	0	0.00323719835197175	0	0	0	0	0	0	0	0	0	0.00206003531489111	0	0
ASCC215_T4A_6_0923_SJ_1C_OM	0.0192452830188679	0.0116981132075472	0	0.129056603773585	0	0.00641509433962264	0.0441509433962264	0	0.0215094339622642	0.0113207547169811	0	0.0988679245283019	0.0173584905660377	0	0	0	0	0.00641509433962264	0	0.0139622641509434	0	0	0	0.0192452830188679	0	0	0.00264150943396226	0	0	0	0.0252830188679245	0	0	0	0	0	0.0132075471698113	0	0.0890566037735849	0	0	0.019622641509434	0	0	0	0	0	0	0	0	0	0	0.0275471698113208	0	0	0	0.040377358490566	0	0	0	0	0	0	0.00528301886792453	0	0.00415094339622642	0.00528301886792453	0	0	0.0192452830188679	0	0	0	0.0973584905660377	0.0826415094339623	0	0	0	0.0132075471698113	0	0.0615094339622642	0	0	0	0	0	0	0	0	0	0	0	0.00566037735849057	0	0	0	0	0	0	0.00264150943396226	0	0	0	0	0.00188679245283019	0	0.00226415094339623	0.00754716981132075	0	0.00981132075471698	0.00905660377358491	0	0	0.00415094339622642	0	0.0169811320754717	0	0	0	0	0.00716981132075472	0	0	0	0.00150943396226415	0	0.00830188679245283	0	0	0	0	0	0.0030188679245283	0	0.0030188679245283	0	0	0.00188679245283019	0	0	0	0	0.00754716981132075	0	0	0	0	0	0.00188679245283019	0
ASCC216_T4B_5_0923_SJ_1C_OM	0	0.0547138047138047	0.095959595959596	0	0	0	0.0303030303030303	0	0	0	0	0	0	0.00420875420875421	0	0	0	0	0	0.0021043771043771	0	0	0	0.0151515151515152	0	0	0	0	0	0	0.228535353535354	0	0	0	0	0	0	0	0.0101010101010101	0	0	0	0	0.0223063973063973	0	0.0273569023569024	0	0	0	0	0	0.00925925925925926	0	0	0	0	0.007996632996633	0	0.196548821548822	0	0	0	0	0.00252525252525253	0	0	0	0	0.0492424242424242	0.0648148148148148	0	0	0	0	0	0	0	0	0	0	0	0	0	0	0.136784511784512	0	0	0	0	0	0	0	0	0.00252525252525253	0	0	0	0	0	0.0269360269360269	0	0	0	0.00631313131313131	0	0	0	0	0	0	0	0	0	0	0	0	0	0	0	0	0	0	0	0	0	0	0	0	0	0	0	0	0	0.00294612794612795	0.00252525252525253	0	0	0	0	0	0	0	0	0	0	0	0.000841750841750842	0	0	0
ASCC218_T1A_3_0923_SJ_1C_OM	0.00333778371161549	0.0442812639074321	0.0460614152202937	0.386070315976858	0	0	0.0725411659991099	0	0	0	0	0.022919448153093	0.0489541611036938	0	0	0	0	0	0.0153538050734312	0	0	0	0	0	0	0.00600801068090788	0.00400534045393859	0	0	0.0970182465509568	0	0	0	0	0	0	0	0	0	0	0	0.0124610591900312	0	0	0.0222518914107699	0.00311526479750779	0	0	0	0	0	0	0	0	0	0	0	0	0	0.0304850912327548	0	0	0	0.00422785936804628	0.00333778371161549	0.0364931019136627	0.00890075656430797	0	0	0	0.0180240320427236	0	0	0	0	0.00155763239875389	0	0	0	0	0.00867823765020027	0	0	0.00623052959501558	0	0	0	0	0	0	0	0	0	0	0.00979083222073876	0	0	0.0195816644414775	0	0	0	0	0	0	0.00244770805518469	0	0	0	0	0.0289274588340009	0.00578549176680018	0.00200267022696929	0	0.00778816199376947	0	0	0	0	0	0	0.0102358700489542	0	0	0	0	0.00222518914107699	0	0	0	0	0	0	0	0	0	0.00222518914107699	0	0	0	0	0.00289274588340009	0.0011125945705385	0	0	0	0.00222518914107699	0	0	0.000445037828215398	0
ASCC219_T4A_3_0923_SJ_1C_OM	0.0400304028375982	0.0595388902964277	0	0.0271091968583734	0	0.0260957689384343	0.0942487965543451	0	0.0461109703572333	0	0	0.180390169749177	0.119077780592855	0	0	0	0	0.00380035469977198	0	0	0	0	0	0.0891816569546491	0	0	0.00101342791993919	0	0.00202685583987839	0.00962756523942235	0	0	0	0	0.00532049657968077	0	0.00456042563972637	0	0	0	0	0.0387636179376742	0	0	0	0	0.0255890549784647	0.0192551304788447	0	0	0	0	0	0	0	0	0	0	0	0	0	0.0544717506967317	0	0.00430706865974158	0	0.0124144920192551	0	0	0	0	0	0	0	0.00152014187990879	0	0	0	0	0.0423106156574614	0	0.00608056751963517	0	0	0	0	0	0	0	0	0	0	0	0.0126678489992399	0	0.00684063845958956	0	0.00633392449961996	0	0.00405371167975678	0	0	0	0	0	0.00202685583987839	0	0.0177349885989359	0	0	0.00101342791993919	0	0	0	0.0106409931593615	0	0	0.00380035469977198	0	0	0	0.00202685583987839	0	0.000760070939954396	0	0.00329364073980238	0	0	0	0	0	0	0	0	0	0	0.00126678489992399	0.00354699771978718	0	0	0.000760070939954396	0	0	0.00253356979984799	0	0.00456042563972637	0	0	0.00101342791993919	0.00228021281986319	0
ASCC220_T1A_2_0923_SJ_1C_OM	0.221582426956707	0.0754958413307742	0.166560034122414	0	0	0	0.054169332480273	0	0	0.0255918106206014	0	0.00789080827468543	0.00149285561953508	0.0407336319044572	0	0	0	0	0	0.0266581360631265	0	0	0	0.00426530177010023	0	0	0	0	0.00213265088505012	0	0.053742802303263	0	0.117509063766261	0	0.00149285561953508	0	0	0	0.018980592876946	0	0	0	0	0.0136489656643208	0	0	0	0	0	0	0	0.000426530177010023	0.0149285561953508	0	0	0	0	0	0.0108765195137556	0	0	0	0	0.00255918106206014	0	0	0	0.00405203668159522	0.0275111964171465	0	0	0	0	0	0	0	0	0	0	0	0	0	0	0	0	0	0	0	0.018127532522926	0	0	0	0	0	0.00533162721262529	0	0	0	0	0.0443591384090424	0.00298571123907016	0	0	0	0.000853060354020047	0	0	0	0	0	0	0	0.0202601834079761	0	0.00127959053103007	0.00341224141608019	0.00618468756664534	0	0	0	0	0	0	0	0	0	0	0	0	0	0	0	0	0	0	0	0	0	0	0.00426530177010023	0	0	0	0	0.000639795265515035	0	0	0	0	0
ASCC221_C4_3_0923_SJ_1C_OM	0	0	0	0	0	0	0	0	0	0	0	0	0	0.0606060606060606	0	0	0	0	0	0	0	0	0	0	0	0	0	0	0	0	0	0	0	0	0.00522466039707419	0	0.185997910135841	0	0	0	0	0	0	0	0	0	0	0	0	0	0.171368861024033	0	0	0	0	0	0	0	0	0	0	0.0114942528735632	0	0.0104493207941484	0	0	0.00208986415882968	0	0	0	0	0	0	0	0.125391849529781	0	0	0	0	0	0	0	0	0	0.06478578892372	0	0	0	0	0	0	0	0	0.285266457680251	0	0	0	0	0	0.00940438871473354	0	0	0	0	0	0	0.00313479623824451	0.0407523510971787	0	0	0	0	0	0	0	0	0	0	0	0	0	0	0	0	0	0	0	0	0	0	0	0	0	0	0	0	0.0167189132706374	0	0	0	0	0	0	0	0	0	0.00731452455590387	0	0	0
ASCC222_T1A_2_0923_SJ_1C_OM	0.231763354394026	0.0746697300402068	0.177484204480184	0	0	0	0.0511200459506031	0	0	0.0212521539345204	0	0	0	0.0387708213670304	0	0	0	0	0	0.0229753015508329	0	0	0	0.00717978173463527	0	0	0	0	0	0	0.04192992533027	0	0.108558299827685	0	0	0	0	0	0.0298678920160827	0	0	0	0	0	0	0	0	0	0	0	0	0	0.0134979896611143	0	0	0	0	0	0.0146467547386559	0	0	0	0	0.000861573808156232	0	0	0	0	0.0436530729465824	0	0	0	0	0	0	0	0	0	0	0	0	0	0	0	0	0	0	0	0.020964962665135	0	0	0	0	0	0.0149339460080414	0	0	0	0	0.0456634118322803	0.000574382538770821	0	0	0	0.00143595634692705	0	0	0	0	0	0	0	0.0198161975875933	0	0.0025847214244687	0	0.00717978173463527	0	0	0	0	0	0	0	0	0	0	0	0	0	0	0	0.000574382538770821	0	0	0	0	0	0	0.00603101665709362	0.00201033888569787	0	0	0	0	0	0	0	0	0
ASCC223_C2_4_0923_SJ_1C_OM	0	0.00178274304730212	0.074756358450202	0.358093653434752	0	0	0	0	0	0	0	0.00237699072973615	0	0	0	0	0	0	0.00641787497028762	0.0139053957689565	0	0	0.141312098882814	0.000713097218920846	0	0	0.156168290943665	0.0774898977893986	0	0	0	0	0	0	0	0	0	0	0	0	0	0.0230568100784407	0	0	0.0495602567149988	0.000831946755407654	0	0.00202044212027573	0	0	0	0	0	0	0	0	0	0.0450439743285001	0.000950796291894462	0	0	0	0	0	0	0	0.00261468980270977	0	0	0	0	0	0	0.00190159258378892	0	0	0	0	0	0	0.00225814119324935	0	0	0	0	0	0	0	0	0	0	0	0	0	0	0	0.00855716662705015	0.00439743285001189	0.00142619443784169	0	0	0	0	0	0	0	0.00249584026622296	0	0	0.00202044212027573	0	0.00237699072973615	0	0.00415973377703827	0	0	0	0	0	0	0	0	0	0	0	0	0.00213929165676254	0.00415973377703827	0	0	0	0	0.00178274304730212	0	0.00178274304730212	0	0	0.000237699072973615	0	0	0.000475398145947231	0	0.00142619443784169	0	0	0	0	0.00130734490135488	0	0
ASCC224_C3_5_0923_SJ_1C_OM	0	0	0.149863760217984	0.00626702997275204	0	0.00599455040871935	0	0	0.00544959128065395	0	0	0.00408719346049046	0	0	0	0	0	0.00681198910081744	0	0.140326975476839	0	0	0.0713896457765668	0.00381471389645777	0	0	0	0	0	0	0	0	0	0	0	0	0	0	0.247683923705722	0	0	0.0158038147138965	0	0	0	0	0	0.00381471389645777	0	0	0	0	0	0	0	0	0.00408719346049046	0	0.00517711171662125	0.159400544959128	0	0	0	0	0	0	0	0	0	0.0463215258855586	0	0	0	0.00136239782016349	0.0283378746594005	0	0	0	0.0103542234332425	0	0	0	0	0	0	0	0	0	0	0	0	0	0	0	0	0	0	0	0	0	0.0640326975476839	0	0	0	0	0	0	0	0	0	0.00790190735694823	0	0	0	0	0	0	0	0	0	0	0	0	0	0	0	0.00217983651226158	0	0	0	0	0	0	0	0	0.00626702997275204	0.00136239782016349	0	0	0	0.00190735694822888	0	0	0	0	0	0	0	0	0
ASCC225_T1C_4_0923_SJ_1C_OM	0	0.010752688172043	0	0.0589663544918488	0.0055497745404093	0	0.00589663544918488	0.00520291363163371	0	0	0	0.0228928199791883	0	0	0	0	0	0	0	0.174124176205342	0	0	0.0776968435657301	0.00624349635796046	0.010752688172043	0	0.00763093999306278	0	0	0	0	0	0	0	0	0	0	0.266389177939646	0.175164758931668	0.00520291363163371	0	0	0	0.00901838362816511	0	0	0	0	0	0	0	0	0	0	0	0	0	0	0.00104058272632674	0.0648629899410336	0	0	0.00693721817551162	0.0017343045438779	0	0	0.00208116545265349	0	0	0.01491501907735	0	0	0	0	0	0	0	0	0	0	0	0	0	0	0	0	0	0	0	0	0	0	0	0	0	0.0131807145334721	0	0	0	0	0	0	0.0072840790842872	0	0	0	0.00242802636142907	0	0	0	0	0.0225459590704128	0	0.00346860908775581	0	0.00450919181408255	0	0	0	0	0	0	0	0	0	0	0.00763093999306278	0	0	0	0	0	0	0	0	0.00138744363510232	0	0	0	0	0	0.0017343045438779	0	0	0	0	0.00104058272632674	0.0017343045438779	0	0
ASCC226_T2C_5_0923_SJ_1C_OM	0	0	0.420557491289199	0.00871080139372822	0	0	0.00139372822299652	0	0	0	0	0.00209059233449477	0	0.00383275261324042	0	0	0	0.0142857142857143	0	0.00557491289198606	0	0	0	0	0	0	0.054006968641115	0.168989547038328	0	0	0	0	0	0	0	0	0.0501742160278746	0	0.0142857142857143	0	0	0.078397212543554	0	0	0	0	0	0.00905923344947735	0	0	0.0759581881533101	0	0	0	0	0	0	0	0.00696864111498258	0	0	0	0	0	0.00766550522648084	0	0	0	0	0	0	0	0	0	0.0547038327526132	0	0	0	0	0	0	0	0	0	0	0	0	0	0	0	0	0	0	0	0	0	0	0	0	0	0.00731707317073171	0	0	0	0	0	0	0.00557491289198606	0	0	0	0	0.00696864111498258	0	0	0	0	0	0	0	0	0	0	0	0.00174216027874564	0	0.00104529616724739	0.000696864111498258	0	0	0	0	0	0	0	0	0	0	0	0	0	0	0	0	0	0	0	0	0	0
ASCC227_TB3_3_0923_SJ_1C_OM	0	0	0	0.016246953696182	0	0	0	0	0	0	0	0	0.0016246953696182	0	0	0	0	0	0.00649878147847279	0.0121852152721365	0	0	0	0	0	0	0	0	0	0	0.54021121039805	0	0	0	0.00568643379366369	0	0	0	0.0446791226645004	0	0	0	0	0	0	0	0	0	0	0	0	0	0	0	0	0	0	0	0	0.0016246953696182	0	0	0	0.00568643379366369	0	0	0.00893582453290008	0	0	0	0.00649878147847279	0	0	0	0	0	0	0	0	0	0	0	0	0	0	0	0	0	0	0	0	0	0	0	0	0.0170593013809911	0	0.00324939073923639	0.0479285134037368	0	0	0	0	0.00731112916328188	0	0	0.00974817221770918	0	0	0.00649878147847279	0	0.0276198212835093	0	0.0129975629569456	0	0	0	0.0999187652315191	0	0	0	0	0	0	0	0	0.00731112916328188	0	0	0	0	0	0.00568643379366369	0	0.0316815597075548	0	0	0.016246953696182	0	0	0	0.0511779041429732	0	0	0	0.0024370430544273	0	0	0.00324939073923639	0
ASCC228_T4B_3_0923_SJ_1C_OM	0	0.101494396014944	0	0.322851805728518	0	0	0.132627646326276	0	0.0112079701120797	0	0	0.0554171855541719	0.0887297633872976	0	0	0	0	0	0.0217932752179328	0	0	0	0	0.0386052303860523	0	0	0	0.00062266500622665	0	0	0	0	0	0	0.00217932752179328	0	0	0	0	0	0	0.0457658779576588	0	0	0	0	0.0024906600249066	0.00809464508094645	0	0	0	0	0	0	0	0	0.0161892901618929	0	0	0.0049813200498132	0	0.00342465753424658	0	0.00902864259028643	0.0149439601494396	0.0482565379825654	0.00311332503113325	0	0	0	0	0	0	0.00529265255292653	0.00186799501867995	0.000933997509339975	0	0	0	0	0.00965130759651308	0	0	0	0	0	0	0	0	0	0	0	0.00840597758405978	0	0	0	0	0	0.00155666251556663	0	0	0	0	0	0	0	0.00217932752179328	0	0	0.0037359900373599	0	0.00155666251556663	0	0.0024906600249066	0	0	0	0.00560398505603985	0	0	0.0099626400996264	0	0.0049813200498132	0	0	0	0	0	0	0	0	0	0	0	0	0	0.0087173100871731	0.0012453300124533	0	0	0	0	0	0	0	0	0	0	0	0
ASCC229_C3_3_0923_SJ_1C_OM	0.00303208580350274	0.0014481603837625	0.0541249943431235	0.00651672172693126	0	0	0.0020817305516586	0	0.00271530071955469	0	0	0.00905100239851564	0.00049780513191836	0	0	0	0	0.00443499117527266	0	0.145268588496176	0	0	0.156899126578269	0.000678825179888673	0.00135765035977735	0	0.103679232474997	0.188577634973073	0	0.134950445761868	0	0	0	0.0531293840792868	0	0	0	0	0	0	0	0.00941304249445626	0	0	0.0161560392813504	0	0	0.00334887088745079	0	0	0.0439426166447934	0	0	0	0	0	0	0	0.00665248676290899	0	0	0	0	0	0	0	0.00049780513191836	0.00099561026383672	0	0.021993935828393	0	0	0	0	0	0	0	0	0	0	0	0	0	0.00140290537176992	0.000724080191881251	0	0	0	0	0	0	0	0	0	0	0	0	0.00113137529981445	0	0	0	0	0.000633570167896094	0	0.000181020047970313	0	0.00271530071955469	0.000543060143910938	0	0.000543060143910938	0.0060189165950129	0.00162918043173281	0	0.00212698556365117	0	0.00506856134316876	0	0	0	0	0	0	0	0	0	0	0.00257953568357696	0.00158392541974024	0	0	0	0	0	0	0	0	0.000769335203873829	0	0	0	0.000905100239851564	0	0	0	0	0	0	0	0	0
ASCC230_T2B_3_0923_SJ_1C_OM	0	0.00323206205559147	0	0.227860374919198	0	0	0.00678733031674208	0	0	0	0	0	0.0054945054945055	0	0	0	0	0	0	0.0310277957336781	0	0	0.0714285714285714	0.00129282482223659	0	0	0.0471881060116354	0.02650290885585	0	0.085972850678733	0	0	0	0	0.0174531351001939	0	0	0	0	0	0	0.0833872010342599	0	0	0.0239172592113769	0.00420168067226891	0	0.00711053652230123	0	0	0	0	0	0	0	0	0	0	0.0054945054945055	0	0	0	0	0.00096961861667744	0.0500969618616677	0	0.00129282482223659	0	0	0	0	0.0585003232062056	0	0.0426632191338074	0	0	0	0	0	0	0	0	0	0.0190691661279897	0.0203619909502262	0	0	0	0	0	0	0	0.00096961861667744	0	0	0	0.0168067226890756	0	0	0	0	0	0	0	0	0.00743374272786037	0.00517129928894635	0	0	0	0.0200387847446671	0.0210084033613445	0.0297349709114415	0.00420168067226891	0	0	0	0	0	0	0	0	0	0	0.0339366515837104	0	0.0054945054945055	0.00323206205559147	0	0	0	0	0	0	0.00226244343891403	0	0	0	0	0.0048480930833872	0	0	0.00290885585003232	0	0	0	0	0	0.000646412411118293	0
ASCC231_T2A_3_0923_SJ_1C_OM	0	0.0430672268907563	0	0.109243697478992	0	0	0.0955882352941176	0	0	0	0	0.0210084033613445	0.130252100840336	0	0	0	0.0189075630252101	0	0.0294117647058824	0	0	0	0	0.00630252100840336	0	0	0.0840336134453782	0	0	0.153361344537815	0	0	0	0	0	0	0	0	0	0	0	0.0441176470588235	0	0	0	0	0	0.0861344537815126	0	0	0	0	0	0	0	0	0	0.0472689075630252	0	0	0	0	0	0.00420168067226891	0	0	0.00525210084033613	0	0	0	0	0	0	0.00840336134453781	0	0	0	0	0	0	0.00315126050420168	0	0	0	0	0	0	0	0	0	0	0	0	0	0.0252100840336134	0	0.0115546218487395	0	0	0	0	0	0	0	0	0.0157563025210084	0.00420168067226891	0	0	0.00945378151260504	0	0.0157563025210084	0	0	0	0	0	0.0199579831932773	0	0	0	0	0	0	0	0	0.00840336134453781	0	0	0	0	0	0	0	0	0	0	0	0	0	0	0	0	0	0	0	0	0	0	0
ASCC232_T2A_5_0923_SJ_1C_OM	0.268484288354898	0.00670055452865065	0.10050831792976	0	0	0	0.0101663585951941	0	0	0.0103974121996303	0	0.0143253234750462	0	0.0880314232902033	0	0	0	0.0231053604436229	0	0	0	0	0	0.000924214417744917	0	0	0	0	0	0	0	0	0	0	0	0	0.14764325323475	0	0.0203327171903882	0	0	0	0	0	0	0	0	0	0	0	0.155961182994455	0	0	0	0	0	0.0175600739371534	0	0.00277264325323475	0	0	0	0	0	0	0	0	0	0.0249537892791128	0	0	0	0	0	0.0651571164510166	0	0	0	0.00623844731977819	0	0	0	0	0	0	0	0	0	0	0	0	0	0	0	0	0	0	0	0	0.00670055452865065	0.0203327171903882	0	0	0	0	0	0	0.00970425138632163	0	0	0	0	0	0	0	0	0	0	0	0	0	0	0	0	0	0	0	0	0	0	0	0	0	0	0	0	0	0	0	0	0	0	0	0	0	0	0	0	0	0
ASCC233_T3C_4_0923_SJ_1C_OM	0	0.0115107913669065	0	0	0	0	0.0249400479616307	0	0.0201438848920863	0.0436450839328537	0	0.0129496402877698	0	0.0244604316546763	0	0	0	0.0388489208633093	0	0	0	0	0.102158273381295	0.00719424460431655	0	0	0.0393285371702638	0	0	0	0.0115107913669065	0	0	0.248920863309353	0	0	0.0211031175059952	0	0.0479616306954436	0	0	0.0119904076738609	0	0	0	0	0	0	0	0	0.0225419664268585	0	0.0949640287769784	0	0	0	0	0	0.00863309352517986	0	0	0	0	0	0.0752997601918465	0	0	0	0	0	0	0	0	0	0.015347721822542	0	0	0	0	0	0	0	0	0	0	0	0	0	0	0	0	0	0	0	0	0	0.00335731414868106	0	0	0.00479616306954436	0.0642685851318945	0	0	0	0	0	0	0.0124700239808153	0	0	0	0	0	0	0	0	0	0	0	0	0	0	0	0	0	0	0	0.0278177458033573	0	0	0	0	0	0	0	0.00383693045563549	0	0	0	0	0	0	0	0	0	0	0	0	0	0
ASCC234_T4C_5_0923_SJ_1C_OM	0.223325062034739	0.0294221907125133	0.00265863169088976	0	0	0.0526409074796172	0.0710740872031195	0	0.308578518255938	0	0	0.0737327188940092	0	0	0	0	0	0.00496277915632754	0	0	0	0	0	0.00815313718539525	0	0	0	0	0.00230414746543779	0	0	0	0	0	0	0	0	0	0	0	0	0.00691244239631336	0	0	0	0	0.00336760014179369	0.00301311591634172	0	0	0	0	0	0	0	0	0.0843672456575682	0	0	0	0	0	0	0.010989010989011	0	0	0	0	0	0	0	0	0	0	0.0237504431052818	0.000886210563629918	0	0	0.00336760014179369	0	0.00638071605813541	0.054767812832329	0	0	0	0	0	0	0	0	0	0	0.00159517901453385	0.00567174760723148	0	0	0	0	0	0	0	0	0	0	0.00691244239631336	0	0	0.00230414746543779	0	0	0	0	0	0	0	0	0.00336760014179369	0	0	0	0	0	0.00336760014179369	0	0	0.00177242112725984	0	0	0	0	0	0	0	0	0	0	0	0.000354484225451967	0	0	0	0	0	0	0	0	0	0	0	0
ASCC235_C1_5_0923_SJ_1C_OM	0.00635189498200296	0.0503917001905569	0	0.114545839508787	0	0	0.034300232902816	0.00423459665466864	0	0	0	0	0.010798221469405	0	0	0	0	0	0.347236925682829	0.104382807537582	0	0	0	0	0	0	0	0	0	0.0751640906203684	0	0	0	0	0.00550497565106924	0	0	0	0	0	0	0.0137624391276731	0	0.00952784247300445	0	0.0222316324370104	0	0	0	0	0	0	0	0	0	0	0	0	0	0.00550497565106924	0	0	0	0.00275248782553462	0	0.0163031971204743	0.00719881431293669	0	0	0	0	0	0	0	0	0.000423459665466864	0	0	0	0	0.0353588820664832	0.00614016514926953	0	0.0336650434046157	0	0	0	0.00402286682193521	0	0	0	0	0	0	0.00804573364387042	0.000635189498200296	0	0.00465805632013551	0.00465805632013551	0	0	0	0.0167266567859411	0.00550497565106924	0	0	0.0105864916366716	0	0	0.0152445479568071	0	0	0	0.00338767732373491	0	0.00169383866186746	0	0	0	0	0	0	0	0	0	0.00105864916366716	0	0	0	0	0	0	0.0052932458183358	0	0.00741054414567013	0.000846919330933729	0	0.00444632648740207	0	0	0	0	0	0	0	0	0	0	0	0
ASCC236_T4C_4_0923_SJ_1C_OM	0.0194289078598764	0.0250220783043862	0.0450397409478952	0.0456284957315278	0	0.0532823079187518	0.0974389166911981	0	0.066823667942302	0.0806594053576685	0	0.11804533411834	0.0682955549013836	0	0	0	0	0.0738887253458934	0	0	0	0	0	0.035325287017957	0	0	0.00323815130997939	0	0.00618192522814248	0.0247277009125699	0	0	0	0.015307624374448	0	0	0.0288489843979982	0	0	0	0	0.0211951722107742	0	0	0.0432734765969974	0	0.00647630261995879	0	0	0	0	0	0	0	0	0	0.00765381218722402	0.0209007948189579	0	0	0	0.00500441566087724	0	0.00264939652634678	0	0	0.000588754783632617	0	0	0.0147188695908154	0	0	0	0	0	0	0	0	0.00235501913453047	0	0	0	0	0	0.0158963791580807	0	0	0	0	0	0	0	0	0	0	0.000883132175448925	0	0	0	0	0	0	0	0	0.00794818957904033	0.0132469826317339	0	0	0	0	0	0	0	0	0	0	0	0	0	0	0.00294377391816309	0	0.00264939652634678	0	0	0.00294377391816309	0	0.0156020017662644	0	0	0	0	0	0	0	0	0	0	0	0	0.00294377391816309	0	0.00294377391816309	0	0	0	0	0	0	0
ASCC237_T1B_5_0923_SJ_1C_OM	0	0.0382209867963864	0	0.0573314801945796	0	0	0.0309242529534399	0	0	0	0	0.00486448922863099	0	0	0	0	0	0	0.236622654621265	0.144197359277276	0	0	0	0	0.0847810979847116	0	0	0	0	0	0.0326615705350938	0	0	0	0	0	0	0.00521195274496178	0	0.0107713690062543	0	0	0	0.192494788047255	0	0	0	0	0	0	0	0	0	0	0	0	0	0	0	0	0	0	0	0	0	0	0	0.0100764419735928	0.00416956219596942	0	0.0298818624044475	0	0	0	0	0	0	0	0	0	0	0	0	0	0	0	0	0	0	0	0	0	0	0	0	0	0	0	0	0	0	0	0.0434329395413482	0.00138985406532314	0	0	0	0	0	0.00208478109798471	0	0	0.00764419735927728	0.00138985406532314	0	0.038915913829048	0	0	0	0	0	0	0	0	0	0	0	0	0	0	0.0069492703266157	0	0.0024322446143155	0.00138985406532314	0	0	0	0	0	0.00729673384294649	0	0	0	0	0	0.00486448922863099	0	0	0	0
ASCC239_T2B_6_0923_SJ_1C_OM	0	0.0368852459016393	0	0.0678092399403875	0	0	0.0655737704918033	0	0.0286885245901639	0.00745156482861401	0	0.136363636363636	0.00968703427719821	0	0	0	0.00856929955290611	0	0.0033532041728763	0	0	0	0	0.0521609538002981	0	0	0	0	0	0	0	0	0	0	0	0	0	0	0	0	0	0.033532041728763	0	0	0.0160208643815201	0	0	0.0257078986587183	0	0	0	0	0	0	0	0	0	0	0	0	0	0.395305514157973	0	0.0115499254843517	0	0.00931445603576751	0.0018628912071535	0	0	0	0	0	0	0	0	0.0014903129657228	0	0	0	0	0	0	0	0	0	0	0	0	0	0	0	0	0.0040983606557377	0	0	0	0.0514157973174367	0.0100596125186289	0	0	0	0	0	0	0	0.00596125186289121	0	0	0	0.000745156482861401	0	0	0	0	0	0	0	0.00819672131147541	0	0	0	0	0	0	0	0.00484351713859911	0	0	0	0	0	0	0	0	0	0	0.0018628912071535	0	0	0	0	0	0	0	0	0	0	0.0014903129657228	0	0
ASCC240_T3C_5_0923_SJ_1C_OM	0	0	0	0	0.0311778290993072	0	0.0115473441108545	0	0	0	0	0.0381062355658199	0	0.210161662817552	0	0	0	0	0	0	0	0	0	0	0	0	0	0	0	0	0	0	0	0	0	0	0	0	0.112009237875289	0	0	0	0	0	0	0	0	0	0	0	0	0	0	0	0	0	0.0069284064665127	0	0.0103926096997691	0	0	0	0	0	0	0	0	0	0.0046189376443418	0	0	0	0	0	0	0	0	0	0.242494226327945	0	0	0	0	0	0	0	0	0	0	0	0	0	0	0	0	0	0	0	0	0.0069284064665127	0.24364896073903	0	0	0	0	0	0.0046189376443418	0.023094688221709	0	0	0	0	0	0.0103926096997691	0	0.00577367205542725	0	0	0	0	0	0	0	0	0	0	0.0207852193995381	0	0	0	0	0	0	0	0	0	0	0	0	0	0	0	0	0	0	0	0.0173210161662818	0	0	0
ASCC241_T1B_4_0923_SJ_1C_OM	0.00712347354138399	0.0329036635006784	0	0.0101763907734057	0	0	0.0291723202170963	0	0	0	0	0	0	0	0	0	0	0	0.00271370420624152	0.413839891451832	0	0	0	0	0.014246947082768	0	0	0	0	0	0.165196743554953	0	0.0753052917232022	0	0	0	0	0.193351424694708	0	0	0	0	0	0	0	0	0	0	0	0	0	0	0	0	0	0	0	0	0	0	0	0	0	0	0	0	0	0.00407055630936228	0	0	0	0	0	0	0	0	0	0	0	0	0	0	0	0	0	0	0	0	0.0159430122116689	0	0	0	0	0	0.00508819538670285	0.00644504748982361	0	0	0	0	0	0	0.00271370420624152	0	0	0	0	0	0	0	0	0	0	0	0	0	0	0	0	0	0	0.0033921302578019	0	0	0	0	0	0	0	0	0	0	0.00949796472184532	0	0	0	0	0	0	0.00610583446404342	0	0	0	0	0	0.00135685210312076	0.00135685210312076	0	0	0
ASCC242_T1C_3_0923_SJ_1C_OM	0	0	0	0.219028062970568	0	0	0	0	0	0	0	0	0	0	0	0	0	0	0.014031485284052	0.0451745379876797	0	0	0	0	0	0	0	0	0	0.524640657084189	0	0	0	0	0	0	0	0	0.00136892539356605	0.00684462696783025	0	0	0	0	0	0	0	0	0	0	0	0	0	0	0	0	0	0	0	0	0	0	0	0.00205338809034908	0.00102669404517454	0	0.0160848733744011	0	0	0	0	0	0	0	0	0	0	0	0	0	0.0184804928131417	0	0	0.0082135523613963	0	0	0	0	0	0.00308008213552361	0	0	0	0	0	0	0.082135523613963	0.00342231348391513	0.00684462696783025	0	0	0	0.00136892539356605	0.00342231348391513	0	0	0.00171115674195756	0	0	0.0102669404517454	0	0.0027378507871321	0	0	0	0	0	0	0	0	0.0242984257357974	0	0	0	0	0	0	0	0	0	0	0	0.0027378507871321	0	0	0	0	0	0	0	0	0	0	0	0	0	0	0	0.00102669404517454	0
ASCC243_T2C_3_0923_SJ_1C_OM	0	0	0.167517875383044	0.0232379979570991	0	0	0	0	0	0	0	0.00459652706843718	0	0	0	0	0	0	0	0	0	0	0.0188968335035751	0	0	0	0.00868232890704801	0.00842696629213483	0	0.00612870275791624	0	0	0	0	0.753064351378958	0	0	0	0	0	0	0	0	0	0.00638406537282942	0	0	0	0	0	0	0	0	0	0	0	0	0	0	0	0	0	0	0	0	0	0	0	0	0	0	0	0	0	0	0	0	0	0	0	0	0	0	0	0	0	0	0	0	0	0	0	0	0	0	0	0	0	0	0	0	0	0	0	0	0	0.00102145045965271	0	0	0	0	0.00102145045965271	0	0	0	0	0	0	0	0	0	0	0	0	0	0	0.00102145045965271	0	0	0	0	0	0	0	0	0	0	0	0	0	0	0	0	0	0	0	0	0	0	0
ASCC244_T3C_3_0923_SJ_1C_OM	0	0	0.00194628260023355	0.531724406383807	0	0	0	0	0	0	0	0	0.0108991825613079	0	0	0	0	0	0.0260801868431296	0	0	0	0	0	0	0.00817438692098093	0	0	0	0.044375243285325	0	0	0	0	0.117555469054107	0	0	0	0	0	0	0.00778513040093422	0	0	0	0	0	0.017516543402102	0	0	0	0	0	0	0	0	0	0	0.00155702608018684	0	0	0.0105099260412612	0	0.00311405216037369	0	0.00817438692098093	0.0112884390813546	0	0	0	0	0	0	0	0	0	0	0	0	0	0.0311405216037369	0	0	0.0108991825613079	0	0	0	0	0	0	0	0	0	0.00506033476060724	0	0	0	0.0253016738030362	0.0070066173608408	0	0	0	0	0.00506033476060724	0.00506033476060724	0	0	0	0	0.0167380303620086	0	0	0	0.0280264694433632	0	0	0	0.0245231607629428	0	0	0.0151810042818217	0	0	0	0.00467107824056053	0	0	0	0	0	0	0	0.0101206695212145	0	0	0	0	0	0	0	0	0.00155702608018684	0.00194628260023355	0	0.00428182172051382	0.00272479564032698	0	0	0	0
