feature	k__Fungi..p__Basidiomycota..c__Geminibasidiomycetes..o__Geminibasidiales..f__Geminibasidiaceae..g__Geminibasidium..s__Geminibasidium_sp	k__Fungi..p__Basidiomycota..c__Microbotryomycetes..o__Microbotryales..f__unidentified..g__unidentified..s__Microbotryales_sp	k__Fungi..p__Ascomycota..c__Pezizomycetes..o__Pezizales..f__Pyronemataceae..g__Wilcoxina..s__Wilcoxina_rehmii	k__Fungi..p__Mortierellomycota..c__Mortierellomycetes..o__Mortierellales..f__Mortierellaceae..g__Linnemannia..s__Linnemannia_amoeboidea	k__Fungi..p__Basidiomycota..c__Geminibasidiomycetes..o__Geminibasidiales..f__Geminibasidiaceae..g__Geminibasidium..s__Geminibasidium_sp.1	k__Fungi..p__Basidiomycota..c__Microbotryomycetes..o__Microbotryales..f__unidentified..g__unidentified..s__Microbotryales_sp.1	k__Fungi..p__Basidiomycota..c__Agaricomycetes..o__Russulales..f__Russulaceae..g__Russula..s__Russula_integriformis	k__Fungi..p__Basidiomycota..c__Geminibasidiomycetes..o__Geminibasidiales..f__Geminibasidiaceae..g__Geminibasidium..s__Geminibasidium_sp.2	k__Fungi..p__Basidiomycota..c__Geminibasidiomycetes..o__Geminibasidiales..f__Geminibasidiaceae..g__Geminibasidium..s__Geminibasidium_sp.3	k__Fungi..p__Basidiomycota..c__Tremellomycetes..o__Filobasidiales..f__Piskurozymaceae..g__Solicoccozyma..s__Solicoccozyma_aeria	k__Fungi..p__Ascomycota..c__Saccharomycetes..o__Saccharomycetales..f__unidentified..g__unidentified..s__Saccharomycetales_sp	k__Fungi..p__Mortierellomycota..c__Mortierellomycetes..o__Mortierellales..f__Mortierellaceae....	k__Fungi..p__Basidiomycota..c__Geminibasidiomycetes..o__Geminibasidiales..f__Geminibasidiaceae..g__Geminibasidium..s__Geminibasidium_sp.4	k__Fungi..p__Basidiomycota..c__Agaricomycetes..o__Atheliales..f__Pilodermataceae..g__Piloderma..s__Piloderma_olivaceum	k__Fungi............	k__Fungi..p__Basidiomycota..c__Agaricomycetes..o__Agaricales..f__Cortinariaceae..g__Cortinarius..s__Cortinarius_mucosus	k__Fungi..p__Basidiomycota..c__Agaricomycetes..o__Atheliales..f__Pilodermataceae..g__Piloderma..	k__Fungi.............1	k__Fungi..p__Ascomycota..c__Leotiomycetes..o__Helotiales..f__Mollisiaceae..g__Phialocephala..	k__Fungi..p__Mortierellomycota..c__Mortierellomycetes..o__Mortierellales..f__Mortierellaceae..g__Mortierella..	k__Fungi..p__Ascomycota..c__Eurotiomycetes..o__Chaetothyriales..f__Herpotrichiellaceae..g__Cladophialophora..	k__Fungi..p__Basidiomycota..c__Agaricomycetes..o__Agaricales..f__Tricholomataceae..g__Tricholoma..s__Tricholoma_triste	k__Fungi..p__Ascomycota..c__Eurotiomycetes..o__Chaetothyriales..f__Herpotrichiellaceae..g__Cladophialophora...1	k__Fungi..p__Ascomycota..c__Dothideomycetes..o__Mytilinidiales..f__Mytilinidiaceae..g__Mytilinidion..s__Mytilinidion_sp	k__Fungi..p__Basidiomycota..c__Agaricomycetes..o__Atheliales..f__Pilodermataceae..g__Piloderma...1	k__Fungi..p__Basidiomycota..c__Agaricomycetes..o__Agaricales..f__Mycenaceae..g__Mycena..	k__Fungi..p__Ascomycota..c__Eurotiomycetes..o__Chaetothyriales..f__Herpotrichiellaceae..g__Exophiala..s__Exophiala_radicis	k__Fungi..p__Ascomycota..c__Eurotiomycetes..o__Chaetothyriales..f__Herpotrichiellaceae....	k__Fungi..p__Basidiomycota..c__Agaricomycetes..o__Atheliales..f__Pilodermataceae..g__Piloderma..s__Piloderma_sp	k__Fungi..p__Basidiomycota..c__Agaricomycetes..o__Agaricales..f__Tricholomataceae..g__Cantharellula..s__Cantharellula_sp	k__Fungi..p__Basidiomycota..c__Agaricomycetes..o__Agaricales..f__Tricholomataceae..g__Cantharellula..s__Cantharellula_sp.1	k__Fungi..p__Ascomycota..c__Leotiomycetes..o__Helotiales..f__Mollisiaceae..g__Phialocephala..s__Phialocephala_helvetica	k__Fungi..p__Ascomycota..c__Dothideomycetes..o__Mytilinidiales..f__Mytilinidiaceae..g__Mytilinidion..s__Mytilinidion_sp.1	k__Fungi..p__Ascomycota..c__Dothideomycetes..o__Mytilinidiales..f__Mytilinidiaceae..g__Mytilinidion..s__Mytilinidion_sp.2	k__Fungi..p__Ascomycota..c__Eurotiomycetes..o__Chaetothyriales......	k__Fungi..p__Ascomycota..c__Pezizomycetes..o__Pezizales..f__Pyronemataceae..g__Geopora..s__Geopora_tolucana	k__Fungi..p__Basidiomycota..c__Agaricomycetes..o__Agaricales..f__Clavariaceae....	k__Fungi..p__Ascomycota..c__Pezizomycetes..o__Pezizales..f__Pyronemataceae..g__Wilcoxina..s__Wilcoxina_rehmii.1	k__Fungi..p__Ascomycota..c__Leotiomycetes..o__Helotiales..f__Helotiaceae..g__Meliniomyces..s__Meliniomyces_sp	k__Fungi..p__Basidiomycota..c__Agaricomycetes..o__Agaricales..f__Tricholomataceae..g__Leucopaxillus..s__Leucopaxillus_laterarius	k__Fungi..p__Ascomycota..c__Dothideomycetes..o__Mytilinidiales..f__Mytilinidiaceae..g__Mytilinidion..s__Mytilinidion_sp.3	k__Fungi..p__Mortierellomycota..c__Mortierellomycetes..o__Mortierellales..f__Mortierellaceae..g__Mortierella...1	k__Fungi..p__Basidiomycota..c__Agaricomycetes..o__Atheliales..f__Pilodermataceae..g__Piloderma..s__Piloderma_lanatum	k__Fungi..p__Ascomycota..c__Dothideomycetes..o__Mytilinidiales..f__Mytilinidiaceae..g__Mytilinidion..s__Mytilinidion_sp.4	k__Fungi..p__Ascomycota..c__Eurotiomycetes..o__Chaetothyriales..f__Herpotrichiellaceae..g__Cladophialophora...2	k__Fungi..p__Ascomycota..c__Eurotiomycetes..o__Chaetothyriales..f__Trichomeriaceae..g__Knufia..s__Knufia_peltigerae	k__Fungi..p__Ascomycota..c__Dothideomycetes..o__Mytilinidiales..f__Mytilinidiaceae..g__Mytilinidion..s__Mytilinidion_sp.5	k__Fungi..p__Ascomycota..c__Eurotiomycetes..o__Chaetothyriales..f__Trichomeriaceae..g__Knufia..s__Knufia_peltigerae.1	k__Fungi..p__Ascomycota..c__Dothideomycetes..o__Pleosporales..f__Cucurbitariaceae..g__Pyrenochaeta..s__Pyrenochaeta_sp	k__Fungi..p__Basidiomycota..c__Agaricomycetes..o__Thelephorales..f__Thelephoraceae....	k__Fungi..p__Ascomycota..........	k__Fungi..p__Ascomycota..c__Eurotiomycetes..o__Chaetothyriales..f__Herpotrichiellaceae..g__Cladophialophora..s__Cladophialophora_humicola	k__Fungi..p__Ascomycota..c__Leotiomycetes..o__Thelebolales..f__Pseudeurotiaceae..g__Pseudogymnoascus..s__Pseudogymnoascus_roseus	k__Fungi..p__Basidiomycota..c__Agaricomycetes..o__Thelephorales..f__Thelephoraceae..g__Tomentella..s__Tomentella_ferruginea	k__Fungi..p__Basidiomycota..c__Agaricomycetes..o__Atheliales..f__Atheliaceae..g__Athelia..s__Athelia_arachnoidea	k__Fungi..p__Ascomycota..c__Eurotiomycetes..o__Chaetothyriales..f__unidentified..g__unidentified..s__Chaetothyriales_sp	k__Fungi..p__Basidiomycota..c__Agaricomycetes..o__Cantharellales..f__Hydnaceae..g__Sistotrema..s__Sistotrema_sp	k__Fungi..p__Mortierellomycota..c__Mortierellomycetes..o__Mortierellales..f__Mortierellaceae..g__Mortierella..s__Mortierella_globalpina	k__Fungi..p__Ascomycota..c__Eurotiomycetes..o__Chaetothyriales..f__Herpotrichiellaceae..g__Cladophialophora...3	k__Fungi..p__Basidiomycota..c__Agaricomycetes..o__Atheliales..f__Atheliaceae..g__Athelia..s__Athelia_arachnoidea.1	k__Fungi..p__Ascomycota..c__Eurotiomycetes..o__Chaetothyriales..f__Herpotrichiellaceae..g__Exophiala..s__Exophiala_xenobiotica	k__Fungi..p__Ascomycota..c__Pezizomycetes..o__Pezizales..f__Sarcosomataceae..g__Plectania..s__Plectania_melastoma	k__Fungi.............2	k__Fungi.............3	k__Fungi..p__Basidiomycota..c__Microbotryomycetes..o__unidentified..f__unidentified..g__unidentified..s__Microbotryomycetes_sp	k__Fungi..p__Basidiomycota..c__Agaricomycetes..o__Polyporales..f__Ganodermataceae..g__Ganoderma..s__Ganoderma_applanatum	k__Fungi..p__Basidiomycota..c__Agaricomycetes..o__Russulales..f__Russulaceae..g__Russula..s__Russula_griseascens	k__Fungi..p__Basidiomycota..c__Agaricomycetes..o__Agaricales..f__Lyophyllaceae..g__Lyophyllum..s__Lyophyllum_sp	k__Fungi.............4	k__Fungi..p__Ascomycota..c__Eurotiomycetes..o__Chaetothyriales.......1	k__Fungi..p__Ascomycota..c__Eurotiomycetes..o__Chaetothyriales..f__Herpotrichiellaceae..g__Cladophialophora..s__Cladophialophora_humicola.1	k__Fungi..p__Ascomycota..c__Pezizomycetes..o__Pezizales..f__Tuberaceae..g__Tuber..s__Tuber_pseudoseparans	k__Fungi..p__Ascomycota..c__Eurotiomycetes..o__Chaetothyriales..f__Trichomeriaceae..g__Knufia..s__Knufia_peltigerae.2	k__Fungi..p__Ascomycota...........1	k__Fungi..p__Basidiomycota..c__Agaricomycetes..o__Cantharellales..f__Ceratobasidiaceae..g__unidentified..s__Ceratobasidiaceae_sp	k__Fungi..p__Ascomycota..c__Dothideomycetes..o__Mytilinidiales..f__Mytilinidiaceae..g__Mytilinidion..s__Mytilinidion_sp.6	k__Fungi..p__Basidiomycota..c__Agaricomycetes..o__Agaricales..f__Radulomycetaceae..g__Aphanobasidium..s__Aphanobasidium_sp	k__Fungi..p__Ascomycota..c__Dothideomycetes..o__Mytilinidiales..f__Mytilinidiaceae..g__Mytilinidion..s__Mytilinidion_sp.7	k__Fungi..p__Basidiomycota..c__Agaricomycetes..o__Agaricales..f__Cortinariaceae....	k__Fungi..p__Ascomycota..c__Dothideomycetes..o__Pleosporales..f__Didymosphaeriaceae..g__Paraphaeosphaeria..	k__Fungi..p__Basidiomycota..c__Microbotryomycetes..o__Leucosporidiales..f__Leucosporidiaceae..g__Leucosporidium..s__Leucosporidium_krtinense	k__Fungi..p__Basidiomycota..c__Agaricomycetes..o__Thelephorales..f__Thelephoraceae..g__Tomentella..	k__Fungi..p__Ascomycota..c__Eurotiomycetes..o__Chaetothyriales..f__Herpotrichiellaceae..g__Cladophialophora...4	k__Fungi..p__Ascomycota..c__Leotiomycetes..o__Helotiales..f__Sclerotiniaceae..g__Clarireedia..s__Clarireedia_bennettii	k__Fungi..p__Basidiomycota..c__Tremellomycetes..o__Filobasidiales..f__unidentified..g__unidentified..s__Filobasidiales_sp	k__Fungi..p__Ascomycota..c__Eurotiomycetes..o__Chaetothyriales..f__Herpotrichiellaceae..g__Cladophialophora..s__Cladophialophora_sylvestris	k__Fungi..p__Ascomycota..c__Dothideomycetes..o__Pleosporales..f__Didymosphaeriaceae..g__Paraphaeosphaeria..s__Paraphaeosphaeria_sporulosa	k__Fungi..p__Basidiomycota..c__Agaricomycetes..o__Cantharellales..f__Hydnaceae..g__Bergerella..s__Bergerella_atrofusca	k__Fungi..p__Ascomycota..c__Eurotiomycetes..o__Chaetothyriales..f__Herpotrichiellaceae..g__Cladophialophora...5	k__Fungi..p__Ascomycota..c__Orbiliomycetes..o__Orbiliales..f__Orbiliaceae..g__unidentified..s__Orbiliaceae_sp	k__Fungi..p__Basidiomycota..c__Agaricomycetes..o__Cantharellales..f__Hydnaceae..g__Bergerella..s__Bergerella_atrofusca.1	k__Fungi..p__Ascomycota..c__Dothideomycetes..o__Pleosporales..f__Cucurbitariaceae..g__Pyrenochaeta..s__Pyrenochaeta_sp.1	k__Fungi..p__Ascomycota..c__Leotiomycetes..o__Helotiales......	k__Fungi..p__Ascomycota..c__Eurotiomycetes..o__Chaetothyriales..f__Herpotrichiellaceae..g__Cladophialophora...6	k__Fungi.............5	k__Fungi..p__Ascomycota...........2	k__Fungi.............6	k__Fungi..p__Basidiomycota..........	k__Fungi..p__Ascomycota..c__Eurotiomycetes..o__Chaetothyriales..f__Herpotrichiellaceae..g__Cladophialophora..s__Cladophialophora_sylvestris.1	k__Fungi..p__Basidiomycota..c__Agaricomycetes..o__Agaricales..f__Lycoperdaceae..g__Bovista..s__Bovista_promontorii	k__Fungi..p__Basidiomycota...........1	k__Fungi.............7	k__Fungi..p__Ascomycota..c__Eurotiomycetes..o__Chaetothyriales..f__Chaetothyriales_fam_Incertae_sedis..g__Sarcinomyces..s__Sarcinomyces_crustaceus	k__Fungi..p__Ascomycota..c__Eurotiomycetes..o__Chaetothyriales..f__Trichomeriaceae..g__Knufia..s__Knufia_tsunedae	k__Fungi..p__Ascomycota..c__Eurotiomycetes..o__Chaetothyriales..f__Paracladophialophoraceae..g__Paracladophialophora..s__Paracladophialophora_sp	k__Fungi..p__Ascomycota..c__Dothideomycetes..o__Venturiales..f__Sympoventuriaceae..g__Ochroconis..s__Ochroconis_sp	k__Fungi..p__Basidiomycota...........2	k__Fungi..p__Ascomycota..c__Eurotiomycetes..o__Chaetothyriales..f__Herpotrichiellaceae..g__Capronia..s__Capronia_capucina	k__Fungi..p__Ascomycota..c__Eurotiomycetes..o__Chaetothyriales..f__Trichomeriaceae..g__Knufia..	k__Fungi..p__Ascomycota..c__Dothideomycetes..o__Pleosporales..f__Lentitheciaceae..g__Lentithecium..s__Lentithecium_sp	k__Fungi..p__Basidiomycota..c__Agaricomycetes..o__Cantharellales..f__Hydnaceae..g__Bergerella..s__Bergerella_atrofusca.2	k__Fungi..p__Ascomycota..c__Eurotiomycetes..o__Chaetothyriales..f__Herpotrichiellaceae..g__Cladophialophora...7	k__Fungi..p__Basidiomycota..c__Agaricomycetes..o__Agaricales..f__Strophariaceae..g__Galerina..s__Galerina_acris	k__Fungi..p__Ascomycota..c__Leotiomycetes........	k__Fungi..p__Ascomycota..c__Leotiomycetes..o__Helotiales..f__Pezizomycotina_fam_Incertae_sedis....	k__Fungi.............8	k__Fungi..p__Basidiomycota..c__Agaricomycetes..o__Agaricales..f__Mycenaceae..g__Mycena..s__Mycena_flavoalba	k__Fungi..p__Ascomycota..c__Dothideomycetes..o__Pleosporales..f__Cucurbitariaceae..g__Pyrenochaeta..s__Pyrenochaeta_sp.2	k__Fungi..p__Basidiomycota..c__Agaricomycetes..o__Cantharellales..f__Hydnaceae..g__Bergerella..s__Bergerella_atrofusca.3	k__Fungi..p__Basidiomycota..c__Agaricomycetes..o__Russulales..f__Albatrellaceae..g__Leucophleps..s__Leucophleps_spinispora	k__Fungi..p__Ascomycota..c__Dothideomycetes..o__Dothideales..f__Dothideaceae..g__Celosporium..s__Celosporium_sp	k__Fungi..p__Basidiomycota..c__Agaricomycetes..o__Agaricales..f__Clavariaceae..g__Clavulinopsis..s__Clavulinopsis_sp	k__Fungi..p__Ascomycota..c__Dothideomycetes..o__Pleosporales..f__Phaeosphaeriaceae..g__Didymocyrtis..s__Didymocyrtis_pseudeverniae	k__Fungi..p__Ascomycota..c__Leotiomycetes..o__Thelebolales..f__Pseudeurotiaceae..g__Geomyces..s__Geomyces_auratus	k__Fungi.............9	k__Fungi..p__Ascomycota..c__Taphrinomycetes..o__Taphrinales..f__Taphrinaceae..g__Taphrina..s__Taphrina_gei.montani	k__Fungi..p__Ascomycota..c__Eurotiomycetes..o__Chaetothyriales.......2	k__Fungi..p__Ascomycota..c__Dothideomycetes..o__Pleosporales..f__Phaeosphaeriaceae....	k__Fungi..p__Ascomycota..c__Dothideomycetes..o__Pleosporales..f__Phaeosphaeriaceae..g__Chaetosphaeronema..s__Chaetosphaeronema_sp	k__Fungi..p__Ascomycota..c__Dothideomycetes..o__Pleosporales..f__Neophaeosphaeriaceae..g__unidentified..s__Neophaeosphaeriaceae_sp	k__Fungi..p__Ascomycota..c__Dothideomycetes..o__Pleosporales..f__Cucurbitariaceae..g__Parafenestella..s__Parafenestella_austriaca	k__Fungi.............10	k__Fungi.............11	k__Fungi..p__Ascomycota..c__Eurotiomycetes..o__Chaetothyriales..f__unidentified..g__unidentified..s__Chaetothyriales_sp.1	k__Fungi..p__Basidiomycota..c__Tremellomycetes..o__Filobasidiales..f__Piskurozymaceae..g__Piskurozyma..s__Piskurozyma_silvicola	k__Fungi..p__Ascomycota..c__Leotiomycetes..o__Thelebolales..f__Pseudeurotiaceae..g__Pseudogymnoascus..s__Pseudogymnoascus_appendiculatus	k__Fungi..p__Ascomycota..c__Taphrinomycetes..o__Taphrinales..f__Taphrinaceae..g__Taphrina..s__Taphrina_sacchari	k__Fungi..p__Basidiomycota..c__Agaricomycetes..o__Agaricales..f__Lycoperdaceae..g__Lycoperdon..s__Lycoperdon_pyriforme	k__Fungi..p__Ascomycota..c__Eurotiomycetes..o__Chaetothyriales..f__Herpotrichiellaceae..g__Exophiala..s__Exophiala_moniliae	k__Fungi.............12	k__Fungi.............13
ASCC190_16_111_0923_SJ_1C_OM	0	0	0	0	0	0	0	0	0	0	0	0.00610997963340122	0	0	0	0	0	0	0.0162932790224033	0	0	0	0	0.120162932790224	0	0	0	0.152749490835031	0	0	0	0	0	0	0.307535641547862	0	0	0	0	0	0.00916496945010183	0	0	0	0.0427698574338086	0	0	0	0.15173116089613	0	0	0	0	0	0	0	0.00712830957230143	0	0	0	0.0142566191446029	0	0	0	0	0	0	0	0	0	0.0773930753564155	0	0	0	0	0	0	0	0	0	0	0	0	0	0	0	0	0.0173116089613035	0	0.0366598778004073	0	0	0	0	0.010183299389002	0	0	0	0	0	0	0	0	0	0	0	0	0	0	0	0	0	0	0	0	0.0264765784114053	0	0	0	0	0	0	0	0	0	0	0	0	0	0	0	0	0	0	0	0	0	0	0	0.00407331975560081	0
ASCC191_T3B_2_0923_SJ_1C_OM	0	0	0.0256048860700023	0.00775193798449612	0	0	0	0	0	0	0	0	0	0	0	0	0	0	0.00164435048155978	0	0	0	0.0979563072586328	0	0	0	0	0	0	0	0	0	0	0.499412731970871	0	0	0	0	0	0.000939628846605591	0	0	0	0.0977214000469814	0	0	0.0603711533944092	0	0	0	0	0	0	0	0	0	0	0	0	0	0	0	0	0	0	0	0	0	0	0.00140944326990839	0	0.0514446793516561	0	0.023020906741837	0.0166784120272492	0	0.0594315245478036	0	0	0	0	0	0	0	0	0	0	0	0	0.0136246182757811	0	0	0.000939628846605591	0	0	0.00117453605825699	0	0	0.00540286586798215	0	0	0	0.00187925769321118	0	0	0	0.00469814423302795	0	0.00258397932816537	0	0.00634249471458774	0	0	0.00352360817477097	0	0	0	0	0	0	0	0	0	0	0	0.00281888653981677	0.00305379375146817	0	0	0	0	0	0	0	0.00704721634954193	0	0	0	0.00352360817477097	0	0
ASCC192_T2A_4_0923_SJ_1C_OM	0.00486840103453522	0.00897611440742431	0.020234291799787	0.476494751255135	0	0.0241898676403469	0	0	0	0.0240377301080176	0.0164308534915564	0	0	0	0	0	0	0	0.000608550129316902	0	0.0162787159592271	0	0.00167351285562148	0	0	0.00243420051726761	0.00851970181043664	0	0	0.00684618895481515	0	0	0.0497489730716568	0	0	0	0	0.010801764795375	0	0.00228206298493838	0	0	0	0	0	0.0724174653887114	0	0.0565951620264719	0	0.00562908869618135	0.00882397687509509	0	0	0	0	0	0	0	0	0.0841320553780618	0.0143009280389472	0.00197778792027993	0	0	0	0.00152137532329226	0	0.00669405142248593	0	0.00152137532329226	0	0	0	0	0	0	0	0	0	0	0.00578122622851057	0.00699832648714438	0.00836756427810741	0	0	0	0.00289061311425529	0	0	0	0	0	0	0	0	0	0	0.00395557584055987	0	0.0012171002586338	0.00365130077590141	0	0.00745473908413206	0	0	0.00562908869618135	0	0	0.00197778792027993	0	0	0	0	0	0	0	0	0	0.00212992545260916	0.0012171002586338	0.00623763882549825	0	0	0	0	0.000760687661646128	0	0	0.0012171002586338	0.00136923779096303	0.000608550129316902	0.00319488817891374	0	0	0.000760687661646128	0.00167351285562148	0.00106496272630458	0.000608550129316902	0.000456412596987677	0.00106496272630458	0.00167351285562148
ASCC194_C1_5_0923_SJ_1C_OM	0.00649350649350649	0.0542671614100186	0	0.217300556586271	0	0.0447588126159555	0.00626159554730983	0	0	0.00695732838589981	0.0141465677179963	0	0	0	0	0	0	0	0	0	0.218460111317254	0	0.0600649350649351	0	0.00463821892393321	0.00301484230055659	0	0	0	0	0	0	0.0412801484230056	0	0	0	0	0	0	0.00672541743970315	0	0	0	0	0	0.0153061224489796	0.0463821892393321	0	0.0229591836734694	0	0.0102040816326531	0	0	0	0.037569573283859	0	0	0	0	0.012291280148423	0	0	0	0	0	0.00417439703153989	0	0	0.0148423005565863	0.00695732838589981	0	0	0	0	0	0	0	0	0	0	0.0475417439703154	0	0.0190166975881262	0	0	0	0	0	0.00974025974025974	0.00347866419294991	0	0.00371057513914657	0.00371057513914657	0	0	0.0197124304267161	0.0125231910946197	0	0	0	0	0	0.00533395176252319	0	0	0	0	0	0.00649350649350649	0	0.00371057513914657	0	0.000695732838589981	0	0	0	0	0	0	0.00185528756957328	0	0	0	0	0	0	0	0.000695732838589981	0	0	0	0.00255102040816327	0.00185528756957328	0	0.000927643784786642	0	0	0.00139146567717996	0	0	0
ASCC195_C2_2_0923_SJ_1C_OM	0.280872483221477	0.05	0	0.0983221476510067	0	0.0335570469798658	0.000671140939597315	0	0.062751677852349	0.0426174496644295	0	0	0.0634228187919463	0	0	0	0	0	0	0.0087248322147651	0	0	0.0422818791946309	0	0.00335570469798658	0	0.00201342281879195	0	0	0	0	0	0	0	0	0	0	0	0	0	0	0.133557046979866	0	0	0	0	0.0812080536912752	0	0	0	0.0164429530201342	0	0	0	0	0	0	0	0	0	0.00369127516778523	0	0	0	0	0	0	0.0241610738255034	0	0	0	0	0.0104026845637584	0	0	0	0	0.011744966442953	0	0	0	0	0	0	0	0	0	0	0	0	0.0023489932885906	0	0	0.0063758389261745	0	0	0	0	0	0	0.013758389261745	0	0	0	0	0	0	0.00771812080536913	0	0	0	0	0	0	0	0	0	0	0	0	0	0	0	0	0	0	0	0	0	0	0	0	0	0	0	0	0	0	0	0	0
ASCC196_T1B_3_0923_SJ_1C_OM	0.00785688383899432	0.0117248881904992	0.0397679197389097	0.0308231596760546	0	0.0106370119666385	0.00205487731173698	0	0	0.0169225190378339	0.0105161368306539	0	0	0	0	0	0	0	0	0	0	0	0.0116040130545147	0	0	0.168741689834401	0.00652725734316451	0	0.000846125951891696	0.315484104919618	0.213102864740723	0.000725250815907168	0	0.0577783150006044	0	0	0	0	0	0	0	0	0	0.051734558201378	0	0	0	0	0	0	0.00241750271969056	0	0	0	0	0	0	0	0	0	0.00278012812764414	0.00640638220717998	0	0	0	0	0	0	0	0.000241750271969056	0	0	0.00556025625528829	0	0	0	0.00132962649582981	0	0	0	0	0	0	0	0	0	0	0	0	0	0	0	0.000483500543938112	0.010757887102623	0	0	0	0	0	0	0	0	0.00229662758370603	0	0	0.00120875135984528	0.00253837785567509	0.0060437567992264	0	0	0	0	0	0	0	0	0	0	0	0	0	0	0	0	0	0	0	0	0	0	0	0	0	0	0	0	0.00108787622386075	0	0	0	0
ASCC198_T1C_6_0923_SJ_1C_OM	0	0	0.0038957147138148	0.0976925382079712	0	0.00239736290080911	0	0.00449505543901708	0	0.0101887923284387	0	0	0	0	0	0	0	0	0	0	0.0197782439316752	0	0.153131555289182	0	0	0	0.0038957147138148	0.00209769253820797	0	0.0758166017380881	0.0146838477674558	0	0	0.346718609529518	0	0	0	0	0	0.0710218759364699	0	0	0	0.0314653880731196	0	0	0	0	0.0137848366796524	0	0	0	0.00209769253820797	0.00119868145040456	0	0	0	0	0	0	0	0	0	0	0	0.00209769253820797	0	0.0179802217560683	0	0.000899011087803416	0	0	0	0.0254719808210968	0	0	0.0257716511836979	0	0	0	0.00749175906502847	0	0.00779142942762961	0	0	0	0	0	0.00659274797722505	0	0	0.0134851663170512	0	0	0	0.0104884626910399	0	0	0	0	0	0.00209769253820797	0	0	0.00359604435121366	0	0.00329637398861253	0	0.00149835181300569	0	0	0	0	0.00209769253820797	0	0	0	0	0	0	0	0.0053940665268205	0	0	0	0	0.000899011087803416	0	0.000899011087803416	0.00119868145040456	0	0	0.00659274797722505	0	0	0	0	0	0	0	0
ASCC201_T2B_4_0923_SJ_1C_OM	0.0380635624538064	0.0376940133037694	0.0513673318551367	0.377679231337768	0	0.0934959349593496	0	0	0	0.00997782705099778	0.041019955654102	0	0	0	0	0	0	0	0	0.0443458980044346	0	0	0	0	0	0	0.0358462675535846	0	0	0.00184774575018477	0	0	0.00221729490022173	0	0	0	0	0	0	0.00517368810051737	0	0	0	0	0	0.0351071692535107	0	0.00997782705099778	0	0.00702143385070214	0	0	0	0	0	0	0	0	0	0.00665188470066519	0	0	0	0	0	0.0184774575018477	0	0	0	0.00221729490022173	0	0	0	0	0	0	0	0	0	0	0	0.127864005912786	0	0	0	0	0.0125646711012565	0	0	0	0	0	0	0	0	0	0	0	0	0	0	0	0.00258684405025868	0	0.00369549150036955	0.00480413895048041	0.00258684405025868	0	0.00665188470066519	0	0	0	0	0	0.00813008130081301	0	0	0.0040650406504065	0	0.00295639320029564	0	0	0.00184774575018477	0	0	0	0	0	0	0	0.00184774575018477	0	0	0	0	0	0	0.00221729490022173	0	0	0
ASCC202_C4_6_0923_SJ_1C_OM	0.00351988736360436	0.00633579725448786	0.264695529743048	0	0	0.00492784230904611	0.0190073917634636	0	0	0	0	0	0	0	0	0	0	0	0	0	0	0	0.10489264343541	0	0	0.143083421330517	0.00246392115452306	0	0	0	0	0	0	0	0	0.0732136571629708	0	0	0	0.0019359380499824	0	0.00404787046814502	0	0.0603660682858149	0.000527983104540655	0.0429426258359732	0.0959169306582189	0	0	0	0.00299190425906371	0	0	0	0.000527983104540655	0	0	0	0	0	0	0.0644139387539599	0	0	0	0	0	0.0286870820133756	0	0.000879971840901091	0	0	0.0121436114044351	0	0	0	0.000879971840901091	0.00263991552270327	0	0.000703977472720873	0.0038718760999648	0	0.0058078141499472	0.00703977472720873	0	0	0	0.00404787046814502	0	0.00246392115452306	0	0	0	0	0	0	0	0	0	0	0	0	0.00281590989088349	0	0	0.0116156282998944	0.00105596620908131	0	0.00228792678634284	0	0	0	0	0	0.000351988736360436	0	0	0	0	0	0.000879971840901091	0.00439985920450546	0	0	0	0	0.00140795494544175	0.00563181978176698	0.00123196057726153	0	0.000351988736360436	0	0.00228792678634284	0	0	0	0	0	0	0	0.000703977472720873
ASCC203_C3_4_0923_SJ_1C_OM	0	0	0.124141876430206	0	0	0	0	0	0	0.0034324942791762	0	0	0	0	0	0	0	0	0	0.0080091533180778	0	0	0	0	0	0	0.0137299771167048	0	0	0	0	0	0	0	0	0.0028604118993135	0	0	0	0.0017162471395881	0	0	0	0.0102974828375286	0	0.0389016018306636	0	0	0	0	0	0	0	0.169908466819222	0	0	0	0	0	0	0.0434782608695652	0	0	0	0	0	0	0	0	0	0	0	0	0	0	0	0	0	0	0.0062929061784897	0	0	0	0.158466819221968	0	0	0.326659038901602	0	0	0	0	0	0	0.0062929061784897	0	0	0	0	0	0.0102974828375286	0	0	0.005720823798627	0	0	0	0	0.0074370709382151	0	0	0.0102974828375286	0	0	0	0	0	0	0	0	0	0	0	0	0	0	0	0	0	0.040045766590389	0	0.0062929061784897	0	0	0	0	0	0.005720823798627	0	0	0	0
ASCC204_T4A_4_0923_SJ_1C_OM	0	0.0147058823529412	0.00490196078431373	0.225490196078431	0	0.0378787878787879	0	0.00222816399286988	0	0.0663992869875223	0.250445632798574	0	0	0	0	0	0	0	0.00623885918003565	0.00802139037433155	0	0	0	0	0	0	0.0151515151515152	0	0	0	0	0	0.131461675579323	0	0	0	0	0	0	0.00401069518716578	0	0	0	0	0	0.0677361853832442	0	0	0	0.00222816399286988	0.0191622103386809	0	0	0	0	0	0	0	0	0	0	0	0	0	0	0.00490196078431373	0	0	0.00579322638146168	0	0	0	0	0	0.0035650623885918	0	0	0	0	0.0071301247771836	0.00267379679144385	0	0	0	0	0	0.00757575757575758	0.0129233511586453	0.0102495543672014	0	0	0.0271836007130125	0.017379679144385	0	0	0	0.0222816399286988	0	0	0	0.0142602495543672	0	0	0	0	0	0	0	0	0	0	0	0	0.00579322638146168	0	0	0	0	0	0	0	0	0	0	0	0	0	0	0	0	0	0	0	0	0	0	0	0.00222816399286988	0	0	0
ASCC205_C2_5_0923_SJ_1C_OM	0	0.088785046728972	0	0.154205607476636	0	0.308411214953271	0	0.014018691588785	0	0.121495327102804	0.126168224299065	0	0	0	0	0	0	0	0	0	0	0	0	0	0	0	0.135514018691589	0	0	0	0	0	0	0	0	0	0	0	0	0	0	0	0	0	0	0	0	0	0	0	0	0	0	0	0	0	0	0	0	0	0	0	0	0.00934579439252336	0	0	0	0	0	0	0	0	0	0	0	0	0	0	0	0	0.0186915887850467	0	0	0	0	0	0	0	0	0	0.0233644859813084	0	0	0	0	0	0	0	0	0	0	0	0	0	0	0	0	0	0	0	0	0	0	0	0	0	0	0	0	0	0	0	0	0	0	0	0	0	0	0	0	0	0	0	0	0	0	0	0	0	0
ASCC206_T4B_4_0923_SJ_1C_OM	0.120253164556962	0.420886075949367	0	0	0.151898734177215	0	0	0	0.136075949367089	0	0	0.0527426160337553	0	0	0	0	0	0	0.0421940928270042	0	0	0	0	0.0358649789029536	0.0105485232067511	0	0	0	0	0	0	0	0	0	0	0	0	0	0	0	0	0	0	0	0	0	0	0	0.00527426160337553	0	0	0	0	0	0	0	0	0	0	0	0	0	0	0	0	0	0	0	0	0	0	0	0	0	0	0.0242616033755274	0	0	0	0	0	0	0	0	0	0	0	0	0	0	0	0	0	0	0	0	0	0	0	0	0	0	0	0	0	0	0	0	0	0	0	0	0	0	0	0	0	0	0	0	0	0	0	0	0	0	0	0	0	0	0	0	0	0	0	0	0	0	0	0	0
ASCC207_T3A_6_0923_SJ_1C_OM	0	0	0.203690560681334	0.125621007806955	0	0.0127750177430802	0.0035486160397445	0.0134847409510291	0	0	0.0170333569907736	0	0	0	0	0	0	0	0	0.0063875088715401	0	0	0	0	0	0	0.100070972320795	0	0	0.121362668559262	0	0	0	0	0	0	0	0	0	0.0063875088715401	0	0	0	0.0596167494677076	0	0.0617459190915543	0	0.0127750177430802	0	0.0865862313697658	0	0	0	0.0127750177430802	0	0	0	0.0078069552874379	0	0.0234208658623137	0.0021291696238467	0	0	0	0	0.014194464158978	0	0	0	0.0028388928317956	0	0	0.0596167494677076	0	0	0	0	0	0	0	0	0	0	0.0028388928317956	0	0	0	0	0	0	0	0	0	0	0	0	0	0	0	0	0	0	0	0.0234208658623137	0	0.0120652945351313	0	0	0	0	0	0	0	0	0.0028388928317956	0	0	0	0	0	0	0	0	0	0	0	0	0	0	0	0	0	0	0	0	0	0	0.0049680624556423	0	0	0
ASCC208_T1A_6_0923_SJ_1C_OM	0.00226904376012966	0.0392220421393841	0	0.00810372771474878	0	0.0223662884927066	0	0	0	0	0.00324149108589951	0	0	0	0	0	0	0	0	0	0.33419773095624	0	0.152025931928687	0	0.124797406807131	0	0	0.0479740680713128	0	0	0	0.00324149108589951	0	0.0285251215559157	0.00745542949756888	0	0	0	0	0	0	0	0	0.0304700162074554	0.0249594813614263	0	0	0	0.0372771474878444	0	0	0	0	0	0	0	0	0	0	0	0	0.000972447325769854	0	0	0	0.000972447325769854	0	0	0	0	0	0.00291734197730956	0	0.00810372771474878	0	0	0	0	0.00162074554294976	0	0.00518638573743922	0	0	0	0	0	0	0	0.0149108589951378	0	0	0	0	0	0.0447325769854133	0.0359805510534846	0	0	0	0	0	0	0	0	0	0	0.000648298217179903	0	0.00129659643435981	0	0.00194489465153971	0	0	0	0	0	0	0	0	0	0	0	0	0	0	0	0.00421393841166937	0	0	0	0	0	0.00194489465153971	0	0.00129659643435981	0	0	0.00486223662884927	0.00226904376012966	0	0
ASCC209_T3A_5_0923_SJ_1C_OM	0.091324200913242	0.04337899543379	0.0776255707762557	0	0.181887366818874	0.0593607305936073	0	0.0312024353120244	0	0.200152207001522	0.047945205479452	0	0	0	0	0	0	0	0	0	0	0	0	0	0	0	0.0799086757990868	0	0	0	0	0.0205479452054795	0	0	0	0	0	0	0	0	0	0	0	0	0	0	0	0	0	0.0525114155251142	0	0	0.00989345509893455	0	0	0	0	0	0	0	0	0	0	0	0.0030441400304414	0.0045662100456621	0	0	0	0	0	0	0	0	0	0	0	0	0	0	0	0.0928462709284627	0	0	0	0	0	0	0	0	0	0	0	0	0	0	0	0	0	0	0	0	0	0	0	0	0	0	0	0	0	0	0	0	0.00380517503805175	0	0	0	0	0	0	0	0	0	0	0	0	0	0	0	0	0	0	0	0	0	0	0	0	0	0
ASCC210_T2C_7_0923_SJ_1C_OM	0	0	0.0509835407466881	0.376154154957848	0	0.00562023283821758	0.00802890405459655	0	0	0.00642312324367724	0.0132476916900843	0	0	0	0	0	0	0	0	0.00562023283821758	0	0	0	0	0	0.0537936571657969	0.00682456844640707	0	0.0200722601364914	0.0124448012846246	0	0	0	0	0	0.165395423524689	0	0	0	0	0	0	0	0	0	0.0361300682456845	0	0	0	0.0638297872340425	0	0	0	0	0	0	0	0	0	0.00361300682456845	0	0	0	0	0	0.00120433560818948	0	0	0.0224809313528703	0.0112404656764352	0	0	0	0	0	0	0	0	0	0.0425531914893617	0	0	0	0	0	0	0	0	0.00762745885186672	0	0	0	0	0	0	0	0	0	0.00200722601364914	0.00200722601364914	0.0104375752709755	0	0.00160578081091931	0	0.00401445202729827	0	0	0	0.00923323966278603	0	0	0.00200722601364914	0	0	0	0	0	0.0445604175030108	0	0.0044158972300281	0	0	0	0.000802890405459655	0	0	0	0	0	0	0	0.000802890405459655	0	0	0	0	0.00120433560818948	0	0	0	0.00361300682456845
ASCC211_C4_4_0923_SJ_1C_OM	0.00615226864906434	0.0207639066905922	0.0146116380415278	0.437580107664701	0	0.0346065111509869	0	0	0	0.0153806716226609	0.0140989489874391	0	0	0	0	0	0	0	0	0	0	0	0	0	0	0	0.0112791591899513	0	0	0	0	0	0.0120481927710843	0	0	0.00153806716226609	0	0	0	0.00563957959497565	0	0.0112791591899513	0	0	0	0.03537554473212	0	0.00974109202768521	0	0	0.0158933606767496	0	0	0	0	0	0	0	0	0.00230710074339913	0	0	0	0.143809279671879	0	0.00153806716226609	0	0.00769033581133043	0.0994616764932069	0.00230710074339913	0	0	0	0	0	0	0	0	0	0	0.0315303768264548	0	0	0	0	0	0.0048705460138426	0	0	0	0.0220456293258139	0.00410151243270956	0.00435785695975391	0	0	0	0.00512689054088695	0	0.00153806716226609	0.00230710074339913	0	0	0	0	0.00461420148679826	0	0	0	0	0	0	0.00461420148679826	0	0	0.00205075621635478	0	0	0.00358882337862087	0	0	0	0	0	0	0	0.000512689054088695	0	0.000512689054088695	0	0	0.00179441168931043	0	0	0	0	0	0	0	0.00128172263522174	0.00205075621635478	0
ASCC212_T4C_6_0923_SJ_1C_OM	0.101245262587981	0.0536004331348132	0.0314022739577694	0.0679480238224147	0.0341093665403357	0.0622631293990254	0	0.152409312398484	0.0227395776935571	0.134542501353546	0.0303194369247428	0	0.00974553329723877	0	0	0	0	0	0	0.010286951813752	0	0	0.00893340552246887	0	0	0.0200324851109908	0.0284244721169464	0	0	0	0.00189496480779643	0.000812127774769897	0.0100162425554954	0	0	0	0	0.0100162425554954	0	0.00108283703302653	0	0.0641580942068219	0	0.0251759610178668	0	0.0083919870059556	0.0192203573362209	0	0	0	0.0205739036275041	0	0	0	0	0	0	0	0	0	0.00189496480779643	0	0	0	0	0.000812127774769897	0	0.00514347590687602	0	0.000812127774769897	0	0	0	0	0	0	0.0110990795885219	0.00378992961559285	0	0	0	0	0	0	0	0	0	0.00270709258256632	0	0	0	0	0	0.00297780184082296	0	0	0	0	0	0.00785056848944234	0.0116404981050352	0	0	0.0116404981050352	0	0	0	0	0	0	0	0	0	0	0.00378992961559285	0	0	0.00270709258256632	0	0	0	0	0	0	0	0	0	0.00189496480779643	0	0	0.000812127774769897	0	0	0	0	0	0.00108283703302653	0	0	0	0
ASCC213_T3A_4_0923_SJ_1C_OM	0	0	0	0.668862056348335	0	0	0.0146359312111233	0	0	0	0	0	0	0	0	0	0	0	0	0.00548847420417124	0	0	0	0	0	0	0.00439077936333699	0	0.092938163190633	0	0	0	0	0	0	0	0	0.0062202707647274	0	0.185876326381266	0	0	0	0	0	0	0	0	0	0	0	0	0	0	0	0	0	0	0	0	0	0	0	0	0	0.0021953896816685	0	0	0	0.00109769484083425	0	0	0	0	0	0	0	0	0	0	0	0	0	0	0	0	0	0	0	0	0	0	0.0124405415294548	0	0	0	0	0	0	0	0	0	0	0	0	0	0	0	0	0	0	0.00512257592389316	0	0	0	0	0	0	0.000731796560556165	0	0	0	0	0	0	0	0	0	0	0	0	0	0	0	0	0	0	0	0	0	0
ASCC214_C1_4_0923_SJ_1C_OM	0	0	0.0153525891230809	0.151183970856102	0	0	0	0	0	0	0	0	0	0	0	0	0	0	0	0	0.00208170699973979	0	0	0	0	0	0.00130106687483737	0	0	0	0	0	0	0.0949778818631278	0	0	0	0	0	0.00260213374967473	0	0	0	0	0	0	0.205568566224304	0	0	0	0.00546448087431694	0	0	0	0	0	0	0	0	0.0130106687483737	0	0	0	0	0	0	0	0.00260213374967473	0.177985948477752	0.00936768149882904	0	0	0	0	0	0	0	0	0.0244600572469425	0.00624512099921936	0.00130106687483737	0	0	0	0	0	0	0.0130106687483737	0.00546448087431694	0	0	0.0689565443663804	0.0166536559979183	0	0	0	0.00130106687483737	0	0.114754098360656	0.00130106687483737	0	0	0	0	0.0101483216237315	0.00598490762425189	0	0	0.00208170699973979	0	0	0.0320062451209992	0.00104085349986989	0.00468384074941452	0	0	0	0	0	0.00208170699973979	0	0	0	0	0	0	0.00234192037470726	0	0	0	0.00286234712464221	0	0	0	0	0	0	0	0	0.00182149362477231	0
ASCC215_T4A_6_0923_SJ_1C_OM	0.019790454016298	0.0120294916569655	0	0.132712456344587	0.00659681800543267	0.0454016298020955	0	0.0221187427240978	0.0116414435389988	0.101668606907257	0.0178502134264649	0	0	0	0	0	0	0	0	0.00659681800543267	0	0	0.0143577803647652	0	0	0	0.019790454016298	0	0	0.0027163368257664	0	0	0	0.0259992239037641	0	0	0	0	0	0	0	0.013581684128832	0	0.0915793558401242	0	0.0201785021342646	0	0	0	0	0	0	0	0	0	0	0	0.0415211486224292	0	0	0	0	0	0	0	0.00543267365153279	0	0	0.00426852929763291	0.00543267365153279	0	0	0.019790454016298	0	0	0	0.10011641443539	0.0849825378346915	0	0.013581684128832	0.0632518432285603	0	0	0	0	0	0.00582072176949942	0	0	0	0	0	0	0.0027163368257664	0	0	0	0	0	0.00194024058983314	0	0	0.00232828870779977	0.00776096235933256	0.0100892510671323	0.00931315483119907	0	0	0.00426852929763291	0	0.0174621653084983	0	0	0.00737291424136593	0	0	0	0.00155219247186651	0	0	0.00853705859526581	0	0	0	0	0	0.00310438494373302	0.00310438494373302	0	0	0.00194024058983314	0	0	0	0	0	0.00776096235933256	0	0	0	0.00194024058983314
ASCC216_T4B_5_0923_SJ_1C_OM	0	0.0554371002132196	0.097228144989339	0	0	0.0307036247334755	0	0	0	0	0	0	0.00426439232409382	0	0	0	0	0	0	0	0	0	0.00213219616204691	0	0	0	0.0153518123667377	0	0	0	0	0	0	0.231556503198294	0	0	0	0	0	0	0	0	0	0.0102345415778252	0	0	0.0226012793176972	0	0.0277185501066098	0	0	0	0	0	0	0	0	0.00810234541577825	0	0	0.199147121535181	0	0	0	0	0.00255863539445629	0	0	0	0	0	0.0498933901918977	0.0656716417910448	0	0	0	0	0	0	0	0	0	0	0.138592750533049	0	0	0	0.00255863539445629	0	0	0	0	0	0.0272921108742004	0	0	0.00639658848614072	0	0	0	0	0	0	0	0	0	0	0	0	0	0	0	0	0	0	0	0	0	0	0	0	0	0	0	0	0	0	0.00255863539445629	0	0	0	0	0	0	0	0	0	0	0	0	0
ASCC218_T1A_3_0923_SJ_1C_OM	0.00327510917030568	0.0434497816593886	0.0451965065502183	0.37882096069869	0	0.07117903930131	0	0	0	0.0224890829694323	0.0480349344978166	0	0	0	0	0	0	0	0	0	0.0150655021834061	0	0	0	0	0	0	0	0.00589519650655022	0.00393013100436681	0	0	0.0951965065502183	0	0	0	0	0	0	0	0	0	0	0	0	0.0122270742358079	0	0.0218340611353712	0.00305676855895197	0	0	0	0	0	0	0	0	0	0	0	0	0.0299126637554585	0	0	0	0.00414847161572052	0	0.00327510917030568	0.0358078602620087	0.00873362445414847	0	0	0	0.0176855895196507	0	0	0	0	0.00152838427947598	0	0.00851528384279476	0	0.00611353711790393	0	0	0	0	0	0.00960698689956332	0	0	0.0192139737991266	0	0	0	0	0	0.00895196506550218	0.00283842794759825	0.00240174672489083	0	0	0	0	0.0283842794759825	0.00567685589519651	0.00196506550218341	0	0.00764192139737991	0	0	0	0	0.0100436681222707	0	0	0	0	0.00152838427947598	0.00218340611353712	0	0	0	0	0	0	0	0	0.00218340611353712	0	0	0	0.00283842794759825	0	0.00109170305676856	0.00545851528384279	0	0	0.00218340611353712	0	0.000436681222707424
ASCC219_T4A_3_0923_SJ_1C_OM	0.0401831129196338	0.059766022380468	0	0.0272126144455748	0.0261953204476094	0.0946083418107833	0	0.0462868769074262	0	0.181078331637843	0.119532044760936	0	0	0	0	0	0	0	0	0.0038148524923703	0	0	0	0	0	0	0.0895218718209563	0	0	0.00101729399796541	0	0.00203458799593082	0.00966429298067141	0	0	0	0	0	0	0.00534079348931841	0	0.00457782299084435	0	0	0	0.038911495422177	0	0	0	0.0256866734486267	0.0193285859613428	0	0	0	0	0	0	0	0	0	0	0	0	0.0546795523906409	0	0.004323499491353	0	0	0.0124618514750763	0	0	0	0	0	0	0	0.00152594099694812	0	0	0.042472024415056	0.00610376398779247	0	0	0	0	0	0.0127161749745677	0	0.00686673448626653	0	0.00635808748728383	0	0.00406917599186165	0	0	0	0	0	0	0.00203458799593082	0	0	0.0178026449643947	0	0.00101729399796541	0	0	0	0.0106815869786368	0	0	0	0	0.00203458799593082	0.000762970498474059	0	0	0.00330620549338759	0	0	0	0	0	0	0	0	0	0	0.00127161749745677	0.00356052899287894	0	0.000762970498474059	0	0	0	0	0.00254323499491353	0.00457782299084435	0	0.00101729399796541	0.00228891149542218
ASCC220_T1A_2_0923_SJ_1C_OM	0.231764443453045	0.0789649788088334	0.17421369618559	0	0	0.0566584876198974	0	0	0.0267677894267232	0.00825340173990631	0.00156145438322552	0	0.0426053981708677	0	0	0	0	0	0	0	0	0	0.02788311398617	0	0	0	0.0044612982377872	0	0	0	0	0.0022306491188936	0	0.0562123577961187	0.122908766451037	0	0	0	0	0.00156145438322552	0	0	0	0.019852777158153	0	0	0.014276154360919	0	0	0	0	0	0	0	0	0	0	0	0	0	0.0113763105063574	0	0	0	0	0.00267677894267232	0	0	0	0	0.00423823332589784	0.0287753736337274	0	0	0	0	0	0	0	0	0	0	0	0	0	0	0	0	0.005576622797234	0	0	0	0	0.0463975016729868	0	0	0	0	0	0.000892259647557439	0	0	0	0	0	0	0	0.0211911666294892	0	0	0.00356903859022976	0	0	0	0	0	0	0	0	0	0	0	0	0	0	0	0	0	0	0	0	0.0044612982377872	0	0	0	0	0	0.000669194735668079	0	0	0
ASCC221_C4_3_0923_SJ_1C_OM	0	0	0	0	0	0	0	0	0	0	0	0	0.0610526315789474	0	0	0	0	0	0	0	0	0	0	0	0	0	0	0	0	0	0	0	0	0	0	0	0	0	0	0.00526315789473684	0	0.187368421052632	0	0	0	0	0	0	0	0	0	0	0	0.172631578947368	0	0	0	0	0	0	0	0	0	0.0115789473684211	0	0.0105263157894737	0	0	0	0.00210526315789474	0	0	0	0	0	0	0	0.126315789473684	0	0	0	0	0	0.0652631578947368	0	0	0	0.287368421052632	0	0	0	0	0	0.00947368421052632	0	0	0	0	0	0	0	0	0.0031578947368421	0.0410526315789474	0	0	0	0	0	0	0	0	0	0	0	0	0	0	0	0	0	0	0	0	0	0	0	0	0	0.0168421052631579	0	0	0	0	0	0	0	0	0	0	0
ASCC222_T1A_2_0923_SJ_1C_OM	0.242342342342342	0.0780780780780781	0.185585585585586	0	0	0.0534534534534535	0	0	0.0222222222222222	0	0	0	0.0405405405405405	0	0	0	0	0	0	0	0	0	0.024024024024024	0	0	0	0.00750750750750751	0	0	0	0	0	0	0.0438438438438438	0.113513513513514	0	0	0	0	0	0	0	0	0.0312312312312312	0	0	0	0	0	0	0	0	0	0	0	0	0	0	0	0	0.0153153153153153	0	0	0	0	0.000900900900900901	0	0	0	0	0	0.0456456456456456	0	0	0	0	0	0	0	0	0	0	0	0	0	0	0	0	0.0156156156156156	0	0	0	0	0.0477477477477477	0	0	0	0	0	0.0015015015015015	0	0	0	0	0	0	0	0.0207207207207207	0	0	0	0	0.0012012012012012	0	0	0	0	0	0	0	0	0	0	0	0	0	0.000600600600600601	0	0	0	0	0.00630630630630631	0.0021021021021021	0	0	0	0	0	0	0	0
ASCC223_C2_4_0923_SJ_1C_OM	0	0.00178189593727726	0.0747208363031599	0.35792349726776	0	0	0	0	0	0.00237586124970302	0	0	0	0	0	0	0	0	0	0	0.00641482537419815	0	0.0138987883107627	0	0	0.141244951294844	0.000712758374910905	0	0	0.156094084105488	0.0774530767403184	0	0	0	0	0	0	0	0	0	0	0	0	0	0	0.0230458541221193	0	0.0495367070563079	0.000831551437396056	0	0.00201948206224756	0	0	0	0	0	0	0	0	0.0450225706818722	0.000950344499881207	0	0	0	0	0	0	0	0	0.00261344737467332	0	0	0	0	0	0	0.00190068899976241	0	0	0	0.00225706818721787	0	0	0	0	0	0	0	0	0	0.00855310049893086	0.00439534331195058	0.00142551674982181	0	0	0	0	0	0	0	0	0	0.00249465431218817	0	0.00201948206224756	0	0.00237586124970302	0	0.00415775718698028	0	0	0	0	0	0	0	0	0	0	0	0.00213827512473272	0	0.00415775718698028	0	0	0	0.00178189593727726	0.00178189593727726	0	0	0.000237586124970302	0	0.000475172249940603	0	0	0.000475172249940603	0.00142551674982181	0	0	0.00130672368733666	0
ASCC224_C3_5_0923_SJ_1C_OM	0	0	0.15983725661145	0.00668410345829701	0.00639349026445801	0	0	0.00581226387678001	0	0.004359197907585	0	0	0	0	0	0	0	0	0	0.00726532984597501	0	0	0.149665794827085	0	0	0.0761406567858181	0.004068584713746	0	0	0	0	0	0	0	0	0	0	0	0	0	0	0	0	0.264167393199651	0	0.016855565242662	0	0	0	0	0.004068584713746	0	0	0	0	0	0	0.004359197907585	0	0	0.005521650682941	0.170008718395815	0	0	0	0	0	0	0	0	0	0	0.04940424295263	0	0	0	0.001453065969195	0.030223772159256	0	0.011043301365882	0	0.001743679163034	0	0	0	0	0	0	0	0	0	0	0	0	0	0	0	0	0	0	0	0	0	0	0	0.00842778262133101	0	0	0	0	0	0	0	0	0	0	0	0	0	0	0.002324905550712	0	0	0	0	0	0	0	0.00668410345829701	0.001453065969195	0	0	0.002034292356873	0	0	0	0	0	0	0	0
ASCC225_T1C_4_0923_SJ_1C_OM	0	0.0113386978785662	0	0.0621799561082663	0	0.00621799561082663	0.00548646671543526	0	0	0.0241404535479151	0	0	0	0	0	0	0	0	0	0	0	0.236283833211412	0.183613752743233	0	0	0.0819312362838332	0.00658376005852231	0.0113386978785662	0	0.00804681784930505	0	0	0	0	0	0	0	0	0	0	0	0	0	0.18471104608632	0.00548646671543526	0	0.00950987564008778	0	0	0	0	0	0	0	0	0	0	0	0	0	0.00109729334308705	0.0683979517190929	0	0	0	0.00182882223847842	0	0	0	0.0021945866861741	0	0	0.0157278712509144	0	0	0	0	0	0	0	0	0	0	0	0	0	0	0	0	0.013899049012436	0	0	0	0	0	0.00768105340160936	0	0.00256035113386979	0	0	0	0	0.00256035113386979	0	0	0	0.0237746891002195	0	0.00365764447695684	0	0.00475493782004389	0	0	0	0	0	0	0	0	0	0.00804681784930505	0	0	0	0	0	0	0	0.00146305779078274	0	0	0	0	0	0.00182882223847842	0.00182882223847842	0	0	0	0.00182882223847842	0
ASCC226_T2C_5_0923_SJ_1C_OM	0	0	0.413639479095271	0.00856751199451679	0	0.00137080191912269	0	0	0	0.00205620287868403	0	0	0.00376970527758739	0	0	0	0	0	0	0.0140507196710075	0	0	0.00548320767649075	0	0	0	0	0	0	0.0531185743660041	0.166209732693626	0	0	0	0	0	0	0	0	0	0	0.0493488690884167	0	0.0140507196710075	0	0.0771076079506511	0	0	0	0	0.00891021247429746	0	0	0.0747087045921864	0	0	0	0	0	0	0.00685400959561343	0	0	0	0	0	0	0.00753941055517478	0	0	0	0	0	0	0	0	0	0.0538039753255655	0	0	0	0.00548320767649075	0	0	0	0	0	0	0	0	0	0	0	0	0	0	0	0	0	0	0	0	0	0.00548320767649075	0	0	0	0.00685400959561343	0	0	0	0	0	0	0	0	0	0.00171350239890336	0.0181631254283756	0	0.00102810143934202	0	0.000685400959561343	0	0	0	0	0	0	0	0	0	0	0	0	0	0	0	0	0	0
ASCC227_TB3_3_0923_SJ_1C_OM	0	0	0	0.0134589502018843	0	0	0	0	0	0	0.00134589502018843	0	0	0	0	0	0	0	0	0	0.0053835800807537	0	0.0100942126514132	0	0	0	0	0	0	0	0	0	0	0.447510094212651	0	0	0	0	0	0.00471063257065949	0	0	0	0.0370121130551817	0	0	0	0	0	0	0	0	0	0	0.112382234185734	0	0	0	0	0	0	0.00134589502018843	0	0	0	0.00471063257065949	0	0	0	0.00740242261103634	0	0	0	0.0053835800807537	0	0	0	0	0	0	0	0	0	0	0	0	0	0	0	0.0141318977119785	0	0.00269179004037685	0.0397039030955585	0	0	0	0.00605652759084791	0	0.041049798115747	0	0	0	0.00807537012113055	0	0.0053835800807537	0	0.0228802153432032	0	0.0107671601615074	0	0	0.0827725437415882	0	0	0	0	0	0	0	0	0.00605652759084791	0	0	0	0	0.0181695827725437	0.00471063257065949	0.0262449528936743	0	0	0.0134589502018843	0	0	0	0.0423956931359354	0	0	0	0.00201884253028264	0	0.00269179004037685
ASCC228_T4B_3_0923_SJ_1C_OM	0	0.100835137643056	0	0.320754716981132	0	0.131766161459944	0	0.0111351685740798	0	0.0550572223940612	0.0881534178781318	0	0	0	0	0	0	0	0	0	0.0216517166718218	0	0	0	0	0	0.0383544695329415	0	0	0	0.000618620476337767	0	0	0	0	0	0	0	0	0.00216517166718218	0	0	0	0	0	0.0454686050108259	0	0	0	0.00247448190535107	0.00804206619239097	0	0	0	0	0	0	0.0160841323847819	0	0	0	0.00494896381070213	0	0.00340241261985772	0	0.00896999690689762	0	0.0148468914321064	0.0479430869161769	0.00309310238168883	0	0	0	0	0	0	0.00525827404887102	0.0018558614290133	0.00092793071450665	0	0.00958861738323539	0	0	0	0	0	0.00835137643055985	0	0	0	0	0	0.00154655119084442	0	0	0	0	0	0	0	0	0	0.00216517166718218	0	0.0037117228580266	0	0.00154655119084442	0	0.00247448190535107	0	0	0.0055675842870399	0	0.00989792762140427	0.00494896381070213	0	0	0	0.00649551500154655	0	0	0	0	0	0	0	0	0	0	0.00866068666872873	0.00123724095267553	0	0	0	0	0	0	0	0	0	0
ASCC229_C3_3_0923_SJ_1C_OM	0.00303208580350274	0.0014481603837625	0.0541249943431235	0.00651672172693126	0	0.0020817305516586	0	0.00271530071955469	0	0.00905100239851564	0.00049780513191836	0	0	0	0	0	0	0	0	0.00443499117527266	0	0	0.145268588496176	0	0	0.156899126578269	0.000678825179888673	0.00135765035977735	0	0.103679232474997	0.188577634973073	0	0.134950445761868	0	0	0.0531293840792868	0	0	0	0	0	0	0	0	0	0.00941304249445626	0	0.0161560392813504	0	0	0.00334887088745079	0	0	0.0439426166447934	0	0	0	0	0	0	0.00665248676290899	0	0	0	0	0	0	0	0	0.00049780513191836	0.00099561026383672	0	0.021993935828393	0	0	0	0	0	0	0	0	0	0.00140290537176992	0.000724080191881251	0	0	0	0	0	0	0	0.00113137529981445	0	0	0	0.000633570167896094	0	0	0	0.000181020047970313	0	0	0.00271530071955469	0.000543060143910938	0.000543060143910938	0.0060189165950129	0.00162918043173281	0	0.00212698556365117	0	0.00506856134316876	0	0	0	0	0	0	0	0	0	0.00257953568357696	0	0.00158392541974024	0	0	0	0	0	0	0.000769335203873829	0	0	0.000905100239851564	0	0	0	0	0	0	0	0
ASCC230_T2B_3_0923_SJ_1C_OM	0	0.00320821302534488	0	0.226179018286814	0	0.00673724735322425	0	0	0	0	0.0054539621430863	0	0	0	0	0	0	0	0	0	0	0	0.0307988450433109	0	0	0.0709015078601219	0.00128328521013795	0	0	0.0468399101700353	0.026307346807828	0	0.0853384664741739	0	0	0	0	0	0	0.0173243503368624	0	0	0	0	0	0.082771896053898	0	0.0237407763875521	0.00417067693294835	0	0.00705806865575874	0	0	0	0	0	0	0	0	0	0.0054539621430863	0	0	0	0	0.000962463907603465	0	0.0497273018928457	0	0.00128328521013795	0	0	0	0	0.0580686557587424	0	0.0423484119345525	0	0	0	0	0	0.0189284568495348	0.0202117420596728	0	0	0.000962463907603465	0	0	0	0.0166827077317934	0	0	0	0	0	0	0	0	0	0.00737888995829323	0	0.00513314084055181	0	0	0.0198909207571383	0.0208533846647417	0.0295155598331729	0.00417067693294835	0	0	0	0	0	0	0	0	0.0336862367661213	0	0	0.0054539621430863	0.00609560474815528	0.00320821302534488	0	0	0	0	0.00224574911774142	0	0	0	0.00481231953801732	0	0	0	0.00128328521013795	0.00288739172281039	0	0	0	0.000641642605068977
ASCC231_T2A_3_0923_SJ_1C_OM	0	0.0345117845117845	0	0.0875420875420875	0	0.0765993265993266	0	0	0	0.0168350168350168	0.104377104377104	0	0	0	0	0	0	0	0.0151515151515152	0	0.0235690235690236	0	0	0	0	0	0.00505050505050505	0	0	0.0673400673400673	0	0	0.122895622895623	0	0	0	0	0.151515151515152	0	0	0	0	0	0	0	0.0353535353535354	0	0	0	0	0.069023569023569	0	0	0	0	0	0	0	0	0.0378787878787879	0	0	0	0	0	0.00336700336700337	0	0	0	0.00420875420875421	0	0	0	0	0	0	0.00673400673400673	0	0	0	0.00252525252525253	0.031986531986532	0	0	0	0	0	0	0.0202020202020202	0	0.00925925925925926	0	0	0	0	0	0	0.0151515151515152	0	0	0.0126262626262626	0	0.00336700336700337	0	0.00757575757575758	0	0.0126262626262626	0	0	0	0	0.015993265993266	0	0	0	0	0	0	0	0	0.00673400673400673	0	0	0	0	0	0	0	0	0	0	0	0	0	0	0	0	0	0	0	0
ASCC232_T2A_5_0923_SJ_1C_OM	0.272898074213246	0.0068107092531705	0.102160638797558	0	0	0.0103334899013621	0	0	0.0105683419445749	0.0145608266791921	0	0	0.0894786284640676	0	0	0	0	0	0	0.0234852043212776	0	0	0	0	0	0	0.000939408172851104	0	0	0	0	0	0	0	0	0	0	0	0	0	0	0.150070455612964	0	0.0206669798027243	0	0	0	0	0	0	0	0	0	0.158525129168624	0	0	0	0.017848755284171	0	0	0.00281822451855331	0	0	0	0	0	0	0	0	0	0	0.0253640206669798	0	0	0	0	0	0.0662282761860028	0	0.00634100516674495	0	0	0	0	0	0	0	0	0	0	0	0	0	0.0068107092531705	0	0	0	0	0	0	0	0	0	0.00986378581493659	0	0	0	0	0	0	0	0	0	0	0	0	0	0	0.00422733677782997	0	0	0	0	0	0	0	0	0	0	0	0	0	0	0	0	0	0	0	0	0	0
ASCC233_T3C_4_0923_SJ_1C_OM	0	0.0136363636363636	0	0	0	0.0295454545454545	0	0.0238636363636364	0.0517045454545455	0.0153409090909091	0	0	0.0289772727272727	0	0	0	0	0	0	0.0460227272727273	0	0	0	0	0	0.121022727272727	0.00852272727272727	0	0	0.0465909090909091	0	0	0	0.0136363636363636	0	0.294886363636364	0	0	0	0	0	0.025	0	0.0568181818181818	0	0.0142045454545455	0	0	0	0	0	0	0	0.0267045454545455	0	0	0	0	0	0	0.0102272727272727	0	0	0	0	0	0	0.0892045454545455	0	0	0	0	0	0	0	0	0	0.0181818181818182	0	0	0	0.00397727272727273	0	0	0	0	0	0	0	0	0.00397727272727273	0	0	0.00568181818181818	0	0	0	0	0	0	0	0	0	0.0147727272727273	0	0	0	0	0	0	0	0	0	0	0	0	0	0	0	0	0	0	0.0329545454545455	0	0	0	0	0	0.00454545454545455	0	0	0	0	0	0	0	0	0	0	0	0
ASCC234_T4C_5_0923_SJ_1C_OM	0.237109522017313	0.0312382386149793	0.00282273240496801	0	0.0558901016183666	0.0754610462928114	0	0.32762514113662	0	0.0782837786977794	0	0	0	0	0	0	0	0	0	0.00526910048927362	0	0	0	0	0	0	0.00865637937523523	0	0	0	0	0.00244636808430561	0	0	0	0	0	0	0	0	0	0	0	0	0	0.00733910425291682	0	0	0	0.00357546104629281	0.00319909672563041	0	0	0	0	0	0	0.0895747083176515	0	0	0	0	0	0	0	0.0116672939405344	0	0	0	0	0	0	0	0	0	0	0	0.0252164094843809	0.000940910801656003	0.00357546104629281	0.00677455777192322	0	0	0	0	0	0.00169363944298081	0.00602182913059842	0	0	0	0	0	0	0	0	0	0	0	0.00733910425291682	0	0	0	0.00244636808430561	0	0	0	0	0	0	0	0	0	0	0.00357546104629281	0	0	0	0	0.00188182160331201	0	0	0	0	0	0	0	0	0	0	0.000376364320662401	0	0	0	0	0	0	0	0	0	0
ASCC235_C1_5_0923_SJ_1C_OM	0.00606060606060606	0.0480808080808081	0	0.109292929292929	0	0.0327272727272727	0.00404040404040404	0	0	0	0.0103030303030303	0	0	0	0	0	0	0	0	0	0.331313131313131	0	0.0995959595959596	0	0	0	0	0	0	0	0	0	0.0717171717171717	0	0	0	0	0	0	0.00525252525252525	0	0	0	0	0	0.0131313131313131	0.00909090909090909	0	0.0212121212121212	0	0	0	0	0	0.054949494949495	0	0	0	0	0	0	0.00525252525252525	0	0	0	0.00262626262626263	0	0	0.0155555555555556	0.00686868686868687	0	0	0	0	0	0	0	0	0.000404040404040404	0	0.0337373737373737	0	0.0321212121212121	0	0	0	0	0	0.00767676767676768	0.000606060606060606	0	0.00444444444444444	0.00444444444444444	0	0	0.015959595959596	0.00525252525252525	0	0	0	0	0	0.0101010101010101	0	0.0145454545454545	0	0	0	0.00323232323232323	0	0.00161616161616162	0	0.000606060606060606	0	0	0	0	0	0	0.00101010101010101	0	0	0	0	0	0	0.00505050505050505	0.00707070707070707	0.000808080808080808	0	0.00424242424242424	0	0	0	0	0	0	0	0	0	0
ASCC236_T4C_4_0923_SJ_1C_OM	0.0193946517778431	0.0249779606229797	0.0449603291213635	0.0455480458419042	0.0531883632089333	0.0972671172494858	0	0.0667058477813694	0.0805171907140758	0.11783720246841	0.0681751395827211	0	0	0	0	0	0	0	0	0.0737584484278578	0	0	0	0	0	0	0.035263003232442	0	0	0.00323244196297385	0	0.00617102556567734	0.0246841022627094	0	0	0.0152806347340582	0	0	0	0	0	0.0287981193064943	0	0	0	0.0211578019394652	0	0.0431971789597414	0	0.00646488392594769	0	0	0	0	0	0	0	0.00764031736702909	0	0.0208639435791948	0	0	0	0.00499559212459594	0	0.00264472524243315	0	0	0	0.000587716720540699	0	0	0.0146929180135175	0	0	0	0	0	0	0.0023508668821628	0	0	0	0.0158683514545989	0	0	0	0	0	0.000881575080811049	0	0	0	0	0	0	0	0	0	0.00793417572729944	0.0132236262121657	0	0	0	0	0	0	0	0	0	0	0	0	0.0029385836027035	0.00264472524243315	0	0	0	0.0017631501616221	0.0029385836027035	0	0	0.0155744930943285	0	0	0	0	0	0	0	0	0	0.0029385836027035	0	0	0	0.0029385836027035	0	0	0	0
ASCC237_T1B_5_0923_SJ_1C_OM	0	0.0308555399719495	0	0.0462833099579243	0	0.0249649368863955	0	0	0	0.00392706872370267	0	0	0	0	0	0	0	0	0	0	0.191023842917251	0	0.1164095371669	0	0	0	0	0.0684431977559607	0	0	0	0	0	0.026367461430575	0	0	0	0.005890603085554	0	0	0	0	0	0	0.00869565217391304	0	0.155399719495091	0	0	0	0	0	0	0	0.197755960729313	0	0	0	0	0	0	0	0	0	0	0	0	0	0	0	0.00813464235624123	0.00336605890603086	0	0.0241234221598878	0	0	0	0	0	0	0	0	0	0	0	0	0	0	0	0	0	0	0	0	0	0.0350631136044881	0.00112201963534362	0	0	0	0	0	0	0	0.00168302945301543	0	0	0.0061711079943899	0.00112201963534362	0	0.0314165497896213	0	0	0	0	0	0	0	0	0	0	0	0	0	0	0	0.00196353436185133	0	0	0	0	0.005890603085554	0	0	0	0	0	0	0.00392706872370267	0	0
ASCC239_T2B_6_0923_SJ_1C_OM	0	0.0367074527252503	0	0.0674823878383389	0	0.0652576937337783	0	0.028550241008528	0.00741564701520208	0.135706340378198	0.0096403411197627	0	0	0	0	0	0	0	0.00852799406748239	0	0.00333704115684093	0	0	0	0	0	0.0519095291064145	0	0	0	0	0	0	0	0	0	0	0	0	0	0	0	0	0	0	0.0333704115684093	0	0.0159436410826845	0	0	0.0255839822024472	0	0	0	0	0	0	0	0	0	0	0	0	0.39340007415647	0	0.0114942528735632	0	0	0.0092695587690026	0.00185391175380052	0	0	0	0	0	0	0	0	0.00148312940304042	0	0	0	0	0	0	0	0.00407860585836114	0	0	0	0.0511679644048943	0.0100111234705228	0	0	0	0	0	0	0.00482017055988135	0	0.00593251761216166	0	0	0	0.000741564701520208	0	0	0	0	0	0	0.00815721171672228	0	0	0	0	0	0	0	0.00482017055988135	0	0	0	0	0	0	0	0	0	0.00185391175380052	0	0	0	0	0	0	0	0	0	0.00148312940304042	0
ASCC240_T3C_5_0923_SJ_1C_OM	0	0	0	0	0	0.0163132137030995	0	0	0	0.0538336052202284	0	0	0.296900489396411	0	0	0	0	0	0	0	0	0	0	0	0	0	0	0	0	0	0	0	0	0	0	0	0	0	0	0	0	0	0	0.158238172920065	0	0	0	0	0	0	0	0	0	0	0	0	0	0.0097879282218597	0	0	0.0146818923327896	0	0	0	0	0	0	0	0	0	0	0.0065252854812398	0	0	0	0	0	0	0	0.34257748776509	0	0	0	0	0	0	0	0	0	0	0	0	0	0.0097879282218597	0	0	0	0	0	0	0	0	0.0065252854812398	0.032626427406199	0	0	0	0	0.0146818923327896	0	0.00815660685154975	0	0	0	0	0	0	0	0	0	0.0293637846655791	0	0	0	0	0	0	0	0	0	0	0	0	0	0	0	0	0	0	0	0
ASCC241_T1B_4_0923_SJ_1C_OM	0.00890207715133531	0.0411191182704536	0	0.0127172530733362	0	0.036456125476897	0	0	0	0	0	0	0	0	0	0	0	0	0	0	0.00339126748622298	0.0178041543026706	0.517168291649004	0	0	0	0	0.0178041543026706	0	0	0	0	0	0.206443408223824	0.0941076727426876	0	0	0	0	0	0	0	0	0	0	0	0	0	0	0	0	0	0	0	0	0	0	0	0	0	0	0	0	0	0	0	0	0	0	0	0.00508690122933446	0	0	0	0	0	0	0	0	0	0	0	0	0	0	0	0	0	0.00635862653666808	0.00805426027977957	0	0	0	0	0	0.00339126748622298	0	0	0	0	0	0	0	0	0	0	0	0	0	0	0	0	0	0	0	0	0	0	0	0	0	0	0	0	0	0	0.0118694362017804	0	0	0	0	0.0076303518440017	0	0	0	0	0	0	0.00169563374311149	0	0
ASCC242_T1C_3_0923_SJ_1C_OM	0	0	0	0.219178082191781	0	0	0	0	0	0	0	0	0	0	0	0	0	0	0	0	0.014041095890411	0	0.0452054794520548	0	0	0	0	0	0	0	0	0	0.525	0	0	0	0	0	0	0	0	0	0	0.00136986301369863	0.00684931506849315	0	0	0	0	0	0	0	0	0	0	0	0	0	0	0	0	0	0	0	0	0.00205479452054795	0	0.00102739726027397	0	0.0160958904109589	0	0	0	0	0	0	0	0	0	0	0.0184931506849315	0	0.00821917808219178	0	0	0	0	0	0	0	0.0821917808219178	0.00342465753424658	0.00684931506849315	0	0	0.00136986301369863	0.00342465753424658	0	0	0	0	0	0.00171232876712329	0	0.0102739726027397	0	0.00273972602739726	0	0	0	0	0	0	0.0243150684931507	0	0	0	0	0	0	0	0.0023972602739726	0	0	0	0	0.00273972602739726	0	0	0	0	0	0	0	0	0	0	0	0	0	0.00102739726027397
ASCC243_T2C_3_0923_SJ_1C_OM	0	0	0.167517875383044	0.0232379979570991	0	0	0	0	0	0.00459652706843718	0	0	0	0	0	0	0	0	0	0	0	0	0	0	0	0.0188968335035751	0	0	0	0.00868232890704801	0.00842696629213483	0	0.00612870275791624	0	0	0	0	0	0	0.753064351378958	0	0	0	0	0	0	0	0.00638406537282942	0	0	0	0	0	0	0	0	0	0	0	0	0	0	0	0	0	0	0	0	0	0	0	0	0	0	0	0	0	0	0	0	0	0	0	0	0	0	0	0	0	0	0	0	0	0	0	0	0	0	0	0	0	0	0.00102145045965271	0	0	0	0.00102145045965271	0	0	0	0	0	0	0	0	0	0	0	0	0	0.00102145045965271	0	0	0	0	0	0	0	0	0	0	0	0	0	0	0	0	0	0	0	0
ASCC244_T3C_3_0923_SJ_1C_OM	0	0	0.00194024058983314	0.530073729142414	0	0	0	0	0	0	0.0108653473030656	0	0	0	0	0	0	0	0	0	0.0259992239037641	0	0	0	0	0	0	0	0.00814901047729918	0	0	0	0.0442374854481956	0	0	0	0	0	0	0.117190531625922	0	0	0	0	0	0.00776096235933256	0	0	0	0	0.0174621653084983	0	0	0	0	0	0	0	0	0	0.00155219247186651	0	0	0.010477299185099	0	0.00310438494373302	0	0	0.00814901047729918	0.0112533954210322	0	0	0	0	0	0	0	0	0	0	0.0310438494373302	0	0.0108653473030656	0	0	0	0	0.00504462553356616	0	0	0	0.0252231276678308	0.0069848661233993	0	0	0	0.00504462553356616	0	0	0.00504462553356616	0	0	0	0	0.016686069072565	0	0	0	0.0279394644935972	0	0	0.0244470314318976	0.00194024058983314	0.0151338766006985	0	0	0	0.00465657741559953	0	0	0	0	0	0	0	0.00116414435389988	0.0100892510671323	0	0	0	0	0	0	0	0.00155219247186651	0	0.00194024058983314	0.00426852929763291	0.0027163368257664	0	0
ASCC245_76_0823_SF_1C_OM	0	0	0	0.00297520661157025	0	0	0	0	0	0	0	0	0	0.338512396694215	0.00396694214876033	0	0.292892561983471	0	0	0	0.0380165289256198	0.0105785123966942	0	0.0376859504132231	0	0	0	0	0	0	0	0.0419834710743802	0	0	0	0	0	0.0806611570247934	0	0	0.121322314049587	0	0	0	0	0	0	0	0	0	0	0	0	0	0	0.000991735537190083	0	0	0	0	0	0	0	0	0	0	0	0	0	0.00132231404958678	0	0	0	0	0	0	0	0	0.0135537190082645	0	0	0	0	0	0	0	0	0	0	0.00429752066115702	0	0	0	0	0	0	0	0	0	0	0	0	0	0	0	0	0	0	0	0	0	0	0	0	0	0	0.00661157024793388	0	0	0	0	0	0	0.000991735537190083	0	0	0	0	0	0	0	0	0	0.00132231404958678	0	0.00231404958677686	0	0	0	0	0
ASCC246_32_0823_SF_1C_OM	0	0	0	0	0	0.0078239608801956	0	0	0	0	0	0	0	0.0508557457212714	0.00929095354523227	0.0625916870415648	0.0376528117359413	0.0117359413202934	0	0	0.186308068459658	0	0	0	0	0	0	0	0	0	0	0	0	0	0	0	0	0	0.104156479217604	0	0	0	0.0904645476772616	0	0	0	0	0	0.0484107579462103	0	0	0.069437652811736	0	0	0.0811735941320293	0.00635696821515892	0	0	0	0	0	0	0.0625916870415648	0	0	0	0.0220048899755501	0	0	0.0464547677261614	0	0	0	0	0.00880195599022005	0	0	0	0	0	0	0	0	0	0.0621026894865526	0.0117359413202934	0	0	0	0	0	0	0	0	0	0.00440097799511002	0	0	0	0	0	0	0.00342298288508557	0	0	0	0	0	0	0.00244498777506112	0	0	0	0	0	0	0	0	0	0	0	0	0	0.00831295843520782	0	0	0	0	0	0	0	0	0	0	0	0.00146699266503667	0	0	0	0	0
ASCC247_151_0823_SF_1C_OM	0	0	0	0.00295057782149004	0	0	0	0	0	0	0	0	0	0.193754610277846	0	0	0	0.0211458077206786	0	0	0.0371281042537497	0	0	0	0	0.0366363412835014	0	0	0	0.20457339562331	0.196213425129088	0	0	0	0	0.0919596754364396	0	0	0	0	0	0	0	0	0	0	0	0.0531104007868207	0	0	0	0	0.00540939267273174	0	0	0	0	0	0	0	0	0	0.00663880009835259	0	0.0533562822719449	0	0	0	0	0.0280304893041554	0	0	0	0.0103270223752151	0	0	0	0	0	0	0	0	0.0381116301942464	0	0	0	0	0	0	0	0	0	0	0	0	0	0	0	0	0	0	0	0	0	0	0	0	0	0	0.00934349643471847	0	0	0	0.00147528891074502	0	0	0	0	0	0	0	0	0	0.00270469633636587	0.00663880009835259	0	0	0	0	0	0	0	0	0	0	0	0	0	0.00049176297024834	0	0
ASCC248_85_0823_SF_1C_OM	0	0.00518326545723806	0	0	0	0.0159200296186598	0	0	0	0	0	0.0266567937800815	0	0.0995927434283599	0.156608663457979	0	0.114402073306183	0.323213624583488	0.0181414291003332	0	0	0	0	0	0	0	0	0	0	0	0	0.0262865605331359	0	0	0	0	0.0684931506849315	0	0.0588670862643465	0	0	0	0.0525731210662718	0	0	0	0	0	0	0	0	0	0	0	0	0	0	0	0	0	0	0	0.00370233246945576	0	0	0	0.0214735283228434	0	0	0	0	0	0	0	0	0	0	0	0	0	0	0	0	0	0.00703443169196594	0	0	0	0	0	0	0	0	0	0	0	0	0	0	0	0	0	0	0	0	0	0	0	0	0	0	0	0	0	0	0.00185116623472788	0	0	0	0	0	0	0	0	0	0	0	0	0	0	0	0	0	0	0	0	0	0	0	0	0
ASCC250_55_SF_0823_1C_OM	0	0	0	0.00819672131147541	0	0.179417122040073	0	0	0	0	0	0	0	0	0	0.0591985428051002	0	0.0437158469945355	0	0	0.034608378870674	0	0	0.0218579234972678	0.0400728597449909	0	0	0	0	0	0	0	0	0	0	0	0.0100182149362477	0.163023679417122	0.0500910746812386	0	0	0	0.157559198542805	0	0	0	0	0.0109289617486339	0	0	0	0	0	0	0	0	0	0	0	0	0	0	0	0	0.0664845173041894	0	0.0273224043715847	0.0191256830601093	0	0.0273224043715847	0.00364298724954463	0	0	0	0	0	0	0	0	0	0	0	0.029143897996357	0	0	0	0	0	0.00455373406193078	0	0	0	0	0	0	0	0	0	0.00364298724954463	0	0	0	0	0	0	0.0063752276867031	0	0	0	0.0100182149362477	0	0	0	0	0	0.00455373406193078	0.00182149362477231	0	0	0	0	0	0	0.00910746812386157	0.00819672131147541	0	0	0	0	0	0	0	0	0	0	0	0	0	0	0	0
ASCC251_5_0823_SF_1C_OM	0	0	0	0.00304793571626489	0	0	0	0	0	0	0	0	0	0.0800775838182322	0.0121917428650596	0.086173455250762	0.0728733721252424	0.00720421169298975	0	0	0.0590191188694929	0	0	0	0.0928234968135218	0	0	0	0	0	0	0	0	0	0	0	0.174840676087559	0.0806317539484622	0	0	0	0	0	0	0	0	0	0.123025768911056	0.00609587143252979	0	0	0	0	0	0	0.0426711000277085	0	0	0.055971183153228	0	0	0	0	0	0	0	0	0	0	0.0152396785813245	0	0	0	0.00443336104183985	0.028539761706844	0	0	0	0	0	0	0	0.00914380714879468	0	0	0	0	0	0	0	0.00332502078137988	0	0.00554170130229981	0	0	0	0	0	0	0	0	0.00471044610695483	0	0	0	0	0	0	0	0.00997506234413965	0	0	0	0.00886672208367969	0	0	0	0	0	0	0.00166251039068994	0.00997506234413965	0.00110834026045996	0	0	0.000831255195344971	0	0	0	0	0	0	0	0	0	0	0	0	0	0	0
ASCC252_84_0823_SF_1C_OM	0	0	0.0361961171437973	0	0	0.0332346166502139	0	0	0	0	0.00723922342875946	0.0092135570911484	0	0.0483711747285291	0	0	0	0	0	0	0.507403751233959	0	0	0.110562685093781	0	0	0	0	0	0	0	0.0092135570911484	0	0	0	0	0.0312602829878249	0	0.010529779532741	0	0.0246791707798618	0	0	0	0.0144784468575189	0	0	0.0325765054294176	0	0	0	0.0023033892727871	0.00296150049358342	0	0	0	0.0194142810134913	0	0	0	0	0	0.0115169463639355	0	0.0046067785455742	0.000658111220796315	0	0.00164527805199079	0	0.00723922342875946	0	0	0	0	0	0.0200723922342876	0	0	0	0	0	0	0	0	0	0	0	0	0.00756827903915762	0	0	0	0	0	0.00625205659756499	0	0	0.0273116156630471	0	0	0	0	0.00263244488318526	0	0	0	0	0	0	0	0	0	0.00263244488318526	0.00526488976637052	0	0	0.00131622244159263	0	0	0	0	0	0	0	0	0	0	0	0	0	0	0	0	0.00164527805199079	0	0	0	0	0	0	0
ASCC255_62_0823_SF_1C_OM	0	0.0395010395010395	0	0	0	0.00935550935550936	0	0	0	0	0	0.00415800415800416	0	0	0	0	0	0	0.00831600831600832	0	0.0280665280665281	0.0166320166320166	0	0	0	0.365904365904366	0	0	0	0	0	0	0	0	0	0	0	0	0	0	0.143451143451143	0	0.00935550935550936	0	0	0	0	0	0	0	0	0	0	0	0	0	0	0	0	0	0	0	0	0	0	0	0.202702702702703	0	0	0.0301455301455301	0.027027027027027	0	0	0	0	0	0	0	0	0	0	0	0.0155925155925156	0	0	0	0	0	0	0	0	0	0.00207900207900208	0	0	0	0	0	0	0	0	0	0	0	0	0	0	0	0	0.079002079002079	0	0	0	0	0	0	0	0	0	0	0	0.0187110187110187	0	0	0	0	0	0	0	0	0	0	0	0	0	0	0	0	0	0	0
ASCC256_168_0823_SF_1C_OM	0	0	0.0210148641722194	0	0	0	0	0	0	0	0	0	0	0.400307534597642	0.0164018452075859	0	0.052793439261917	0	0	0	0.0348539210661199	0	0	0.00461301896463352	0	0	0	0	0	0	0	0	0	0	0.00358790363915941	0	0	0	0.173757047667863	0	0	0	0.0809841107124551	0	0	0	0	0.01742696053306	0.0379292670425423	0	0	0.0107637109174782	0	0	0	0.0281906714505382	0	0	0.00461301896463352	0	0	0	0.00768836494105587	0	0	0	0.00871348026652998	0	0	0.00871348026652998	0	0	0	0	0	0.017939518195797	0	0	0	0	0	0	0	0	0.0061506919528447	0.0164018452075859	0	0	0	0	0	0	0	0	0	0	0	0	0	0	0	0	0	0	0	0	0	0	0	0.017939518195797	0	0	0	0	0	0.0205023065094823	0.00512557662737058	0	0	0	0	0	0	0	0	0	0	0	0	0	0	0	0	0.00358790363915941	0	0	0	0	0	0	0
ASCC257_75_0823_SF_1C_OM	0.0111414279217826	0.00363801728058208	0	0	0	0.0106866757617099	0	0	0	0	0	0.00500227376080036	0	0.0486584811277854	0.0325147794452024	0	0.144383810823101	0.0229649840836744	0	0	0.0443383356070941	0	0	0	0	0	0	0.022737608003638	0	0	0	0	0	0	0.169167803547067	0	0.0554797635288768	0	0.0429740791268759	0	0.011368804001819	0	0	0	0.00409276944065484	0	0	0	0.00954979536152797	0	0	0.0068212824010914	0	0	0.201909959072306	0.00750341064120055	0.00841291496134607	0	0.00727603456116417	0	0	0	0	0	0	0	0	0	0	0.00181900864029104	0.00886766712141883	0	0	0	0	0.0259208731241473	0	0	0	0	0	0	0	0	0.0450204638472033	0.0125056844020009	0	0	0	0	0.00659390632105502	0	0	0	0.00386539336061846	0	0	0.0184174624829468	0	0	0	0.00522964984083674	0	0	0	0	0	0	0	0	0	0	0	0	0	0	0	0	0	0	0	0	0	0	0	0	0	0	0	0	0	0	0	0.0011368804001819	0	0	0	0	0	0	0
ASCC258_57_0823_SF_1C_OM	0	0.0223880597014925	0.079732914375491	0.00706991358994501	0	0.0219952867242734	0	0	0	0	0	0	0	0.122937941869599	0.00824823252160251	0.00667714061272584	0	0	0	0	0.0365278868813826	0	0	0.0294579732914375	0	0	0	0.0157109190887667	0	0	0	0.00942655145326002	0	0	0.0553809897879026	0	0	0	0.00589159465828751	0	0.0569520816967793	0	0	0	0.091516103692066	0	0	0.0219952867242734	0.021209740769835	0	0	0.00667714061272584	0	0	0	0.190102120974077	0.025923016496465	0	0.00549882168106834	0	0	0	0	0	0	0	0.0125687352710134	0	0	0.0192458758837392	0.00942655145326002	0	0	0	0.0168892380204242	0.0730557737627651	0	0	0	0	0	0	0	0	0	0.00471327572663001	0	0	0	0	0	0	0	0	0	0	0	0.0102120974076984	0	0	0	0	0.00353495679497251	0	0	0.00589159465828751	0	0	0	0	0	0	0	0.00314218381775334	0	0	0	0	0	0	0	0	0	0	0	0	0	0	0	0	0	0	0	0	0	0	0	0	0	0	0
ASCC259_37_0823_SF_1C_OM	0.0140105078809107	0.0183887915936953	0.0341506129597198	0	0	0.00700525394045534	0	0	0	0	0	0.00379451255107998	0	0.095446584938704	0.0186806771745476	0	0.0502043199065966	0.0341506129597198	0.0122591943957968	0	0.0866900175131348	0.00291885580852306	0	0.014302393461763	0.0151780502043199	0	0	0	0	0	0	0	0	0	0.133099824868651	0	0.0204319906596614	0	0	0	0.0750145942790426	0	0	0	0.00437828371278459	0	0	0	0.0338587273788675	0	0	0.0318155283129013	0	0	0.0239346176298891	0.0823117338003503	0.0160537069468768	0	0.00145942790426153	0	0	0	0	0	0	0	0	0	0	0.00700525394045534	0.0230589608873322	0	0	0	0.0192644483362522	0.0271453590192644	0	0	0	0	0	0	0	0	0	0.0306479859894921	0	0	0	0	0	0	0.0271453590192644	0	0	0	0	0	0	0	0	0.018096906012843	0	0	0	0	0	0	0	0	0	0	0	0	0	0.00875656742556918	0.00291885580852306	0	0	0	0	0.00642148277875073	0	0	0	0	0	0	0	0	0	0	0	0	0	0	0	0	0	0	0
ASCC263_122_0823_SF_1C_OM	0	0.0613496932515337	0	0	0	0.223159509202454	0	0	0	0	0	0.0605828220858896	0	0.0414110429447853	0.0506134969325153	0.00843558282208589	0	0	0	0	0.0230061349693252	0	0	0	0	0	0	0	0	0	0	0	0	0	0	0	0	0	0	0	0.0874233128834356	0	0	0	0	0	0	0	0.00690184049079755	0	0	0	0	0	0.0130368098159509	0	0	0	0	0	0	0	0.00306748466257669	0	0	0	0.130368098159509	0	0	0.00153374233128834	0	0	0	0.0168711656441718	0	0.0383435582822086	0	0	0	0	0	0	0	0	0	0	0	0.0122699386503067	0	0	0	0	0	0	0	0	0	0	0	0	0	0	0	0	0	0	0	0	0	0.026840490797546	0	0	0.140337423312883	0	0	0	0	0	0	0	0	0	0	0	0.0345092024539877	0.00306748466257669	0	0	0	0	0	0	0	0.0168711656441718	0	0	0	0	0	0	0
ASCC264_101_0823_SF_1C_OM	0	0	0.0204301075268817	0.067741935483871	0	0.0204301075268817	0	0	0	0	0	0	0	0	0	0	0	0	0	0	0.180645161290323	0	0	0.0720430107526882	0	0	0	0	0	0	0	0	0	0	0	0	0	0	0	0	0.0946236559139785	0	0	0	0	0	0	0	0	0	0	0	0.010752688172043	0	0	0	0	0	0	0.150537634408602	0	0	0	0	0.0258064516129032	0	0	0	0	0.0182795698924731	0	0	0	0.0344086021505376	0	0.067741935483871	0	0	0.0311827956989247	0	0	0	0.0204301075268817	0	0	0.0741935483870968	0	0	0	0	0	0	0	0	0	0	0	0	0	0	0	0	0	0	0	0	0	0	0	0	0	0	0	0	0	0	0.0903225806451613	0	0	0	0	0	0	0.00537634408602151	0	0	0	0	0	0	0	0	0	0.0150537634408602	0	0	0	0	0	0	0
ASCC266_139_0823_SF_1C_OM	0.218940052128584	0	0	0	0.432667245873154	0	0	0	0.0121633362293658	0.08123370981755	0.0816681146828844	0	0	0	0	0	0	0	0	0.0156385751520417	0.00173761946133797	0	0	0	0	0	0.00304083405734144	0	0	0	0	0.00651607298001738	0.00955690703735882	0	0	0.00608166811468288	0	0.023892267593397	0	0.00173761946133797	0	0	0	0	0	0.00477845351867941	0	0	0	0.0499565595134666	0	0	0.00999131190269331	0	0	0	0	0	0	0	0	0	0	0	0	0	0	0	0	0	0	0	0	0	0	0	0	0	0	0	0	0.0347523892267593	0	0	0	0	0	0	0	0	0	0	0	0	0	0	0	0	0	0	0	0	0	0	0	0	0	0	0	0	0	0	0	0	0	0	0	0.00434404865334492	0	0	0	0	0	0	0	0	0	0	0	0.00130321459600348	0	0	0	0	0	0	0	0	0	0	0
ASCC267_26_0823_SF_1C_OM	0	0	0.0351253298153034	0.00989445910290238	0	0.0169854881266491	0	0	0	0	0	0	0	0	0	0	0.16457783641161	0	0	0	0.0389182058047493	0.256926121372032	0	0.00131926121372032	0	0	0	0	0.242908970976253	0	0	0	0	0	0	0.0275395778364116	0.00643139841688654	0.0204485488126649	0	0	0	0	0	0	0.00280343007915567	0	0	0.0105540897097625	0	0	0	0	0	0	0	0	0	0	0.0217678100263852	0.0128627968337731	0	0	0	0	0.037598944591029	0	0.0186345646437995	0	0	0.00478232189973615	0	0	0	0.00643139841688654	0	0	0	0	0.0537598944591029	0	0	0	0	0	0	0	0	0	0	0	0	0	0	0	0	0	0	0	0	0	0	0.00115435356200528	0.000989445910290238	0	0	0.00313324538258575	0	0	0	0.000989445910290238	0	0	0	0	0	0	0	0	0	0	0	0	0	0.00296833773087071	0	0.000494722955145119	0	0	0	0	0	0	0	0	0	0	0	0	0	0	0
ASCC268_27_0823_SF_1C_OM	0	0	0	0.00673148840688108	0	0	0	0	0	0	0	0	0	0	0.0104712041884817	0	0.0411368735976066	0.0164547494390426	0.018698578908003	0	0.068810770381451	0.00149588631264024	0	0	0	0	0	0	0.00448765893792072	0	0	0.0201944652206432	0	0	0	0	0	0	0	0	0	0	0.753926701570681	0	0	0	0	0	0	0	0	0	0.00523560209424084	0	0	0	0	0	0	0	0	0	0	0	0.0388930441286462	0	0.00149588631264024	0	0	0.00299177262528048	0	0	0	0	0	0	0	0	0	0	0	0	0	0	0.00299177262528048	0	0	0	0	0	0	0	0	0	0	0	0	0	0	0	0	0	0	0	0	0	0	0	0	0	0	0	0	0	0	0	0	0	0	0	0	0	0	0.00598354525056096	0	0	0	0	0	0	0	0	0	0	0	0	0	0	0	0	0
ASCC269_162_0823_SF_1C_OM	0	0	0.0196899874319229	0	0	0	0	0	0	0	0	0	0	0.15668202764977	0	0.217427733556766	0.179304566401341	0.0100544616673649	0	0	0.0573942186845413	0	0	0	0	0	0	0	0	0	0	0	0	0	0.0100544616673649	0	0.0222036028487641	0	0	0	0	0	0	0	0	0	0	0.022622538751571	0.00377042312526183	0	0	0	0	0	0	0.0121491411813992	0	0	0.0674486803519062	0	0	0	0	0	0	0	0	0	0	0.0180142438206954	0.035609551738584	0	0	0.00879765395894428	0	0	0	0	0	0	0	0	0.0469208211143695	0	0.00335148722245496	0.0150816925010473	0	0	0	0	0	0	0	0	0.00879765395894428	0	0	0	0	0	0	0.012987012987013	0	0	0	0	0	0	0	0	0	0	0	0	0	0.00251361541684122	0.0230414746543779	0	0.00377042312526183	0	0	0.0272308336824466	0	0	0.00586510263929619	0	0	0	0	0	0	0	0	0.00921658986175115	0	0	0	0	0	0	0
ASCC270_138_0823_SF_1C_OM	0	0	0	0.0426854537919602	0	0.0352258599254041	0	0	0	0	0	0	0	0.233733941152093	0.0430998756734356	0	0.0281806879403232	0	0	0	0.0663075010360547	0	0	0.0563613758806465	0	0	0	0	0	0	0	0	0	0	0	0.0766680480729383	0	0	0	0	0	0	0	0	0	0	0	0	0	0	0	0	0.00621632822213013	0	0	0.0306672192291753	0	0	0.0103605470368835	0	0	0	0.0078740157480315	0	0.0377123912142561	0	0.00870285951098218	0	0	0.0111893907998342	0.0261085785329465	0	0	0.016991297140489	0.0348114380439287	0	0	0	0	0	0	0	0.0232076253626191	0	0	0	0	0	0.0107749689183589	0	0	0	0	0	0.0269374222958972	0	0	0	0	0	0	0.0451719850808123	0.00372979693327808	0	0	0	0	0	0	0.0493162038955657	0	0	0.0625777041027766	0	0	0	0	0	0	0	0	0	0	0.00538748445917945	0	0	0	0	0	0	0	0	0	0	0	0	0	0	0	0	0
ASCC272_43_0823_SF_1C_OM	0.0289473684210526	0.0535087719298246	0	0.00657894736842105	0	0.0087719298245614	0	0	0	0	0	0	0	0	0	0	0	0.0192982456140351	0	0	0.0280701754385965	0	0	0.025	0.183771929824561	0	0	0	0.068859649122807	0	0	0	0	0	0.211842105263158	0	0	0	0	0	0	0	0	0	0.0214912280701754	0	0	0	0.00394736842105263	0	0	0.043859649122807	0	0	0.037719298245614	0.037719298245614	0.0653508771929825	0	0	0	0.00701754385964912	0	0	0	0.00921052631578947	0	0	0	0	0.00307017543859649	0.0232456140350877	0	0.0157894736842105	0	0.0114035087719298	0	0	0	0	0	0	0	0	0	0	0.0105263157894737	0	0	0	0	0	0	0	0	0.0201754385964912	0	0	0	0	0	0	0	0	0	0	0	0	0	0	0	0	0	0	0	0	0.0254385964912281	0	0	0.025	0	0	0	0	0	0	0	0	0	0	0	0	0	0	0	0	0.0043859649122807	0	0	0	0	0
ASCC273_112_0823_SF_1C_OM	0	0	0	0	0	0.00122970978848992	0	0	0	0	0	0.0177078209542548	0	0.137481554353173	0	0.425479586817511	0	0.00762420068863748	0	0	0.0363994097393015	0	0	0.00319724545007378	0	0.0285292670929661	0	0	0	0	0	0.0211510083620266	0	0	0	0	0	0	0.029513034923758	0	0	0	0.116822429906542	0	0	0	0	0.00122970978848992	0.00664043285784555	0	0	0	0	0	0	0.00196753566158387	0	0	0	0.0302508607968519	0	0.0029513034923758	0.00368912936546975	0	0.00565666502705362	0	0	0	0	0.0383669454008854	0	0	0	0.0132808657156911	0.014510575504181	0	0	0	0	0	0	0	0	0	0.00565666502705362	0.00196753566158387	0	0	0	0	0	0	0.00393507132316773	0	0	0	0	0	0	0	0	0	0.00196753566158387	0	0	0	0	0	0	0.00344318740777177	0	0	0	0	0	0	0.0336940482046237	0	0	0	0	0	0	0.00221347761928185	0.00073782587309395	0	0	0	0	0	0	0	0	0	0	0.00270536153467782	0	0	0	0	0
ASCC274_40_0823_SF_1C_OM	0	0.00277722674072605	0.312041261654434	0.0117040269787741	0	0.0172584804602261	0	0	0	0	0	0	0	0	0.00218210672485618	0	0.0487998413013291	0	0	0	0.0214243205713152	0.361436222971633	0	0	0	0	0	0.0204324538781988	0	0	0	0.00575282682007538	0	0	0	0	0	0.0365006943066852	0	0	0	0	0	0	0	0	0	0	0	0	0	0	0	0	0	0	0	0	0	0	0	0	0	0	0	0	0	0.10374925609998	0	0.00317397341797262	0	0	0	0	0	0.0148780003967467	0	0	0.0327316008728427	0	0	0	0	0	0	0	0	0	0	0	0	0	0	0	0	0	0	0	0	0	0	0	0	0	0	0	0	0	0	0	0	0	0	0	0	0	0	0	0	0	0	0	0	0	0.00515770680420551	0	0	0	0	0	0	0	0	0	0	0	0	0	0	0	0
ASCC275_125_0823_SF_1C_OM	0	0.0130980534837184	0	0	0	0	0	0	0	0	0	0.000909587047480444	0	0.169365108240859	0.018373658359105	0.000363834818992178	0.117882481353466	0.00545752228488266	0.00363834818992178	0	0.018373658359105	0	0	0.0161906494451519	0	0	0	0	0	0	0	0	0	0	0.244496998362743	0	0	0	0.0016372566854648	0	0	0	0	0	0	0	0	0	0.0105512097507731	0	0	0.00400218300891395	0	0	0	0.0329270511187921	0.000545752228488266	0	0.209932690558486	0	0	0.0016372566854648	0	0	0	0	0	0	0	0.00236492632344915	0.0105512097507731	0	0	0	0.00236492632344915	0.0394760778606513	0	0	0	0	0	0	0	0	0	0.051118792068401	0	0	0	0	0	0	0.00636710933236311	0	0	0	0	0.00527560487538657	0	0	0	0.00600327451337093	0	0	0	0	0	0	0	0	0	0	0	0	0	0.00236492632344915	0	0	0	0	0	0	0	0	0.000363834818992178	0.00436601782790613	0	0	0	0	0	0	0	0	0	0	0	0	0	0	0
ASCC276_64_0823_SF_1C_OM	0	0	0.027550409263326	0	0	0	0	0	0	0	0	0.00419245358354961	0	0.234977041325614	0.0105809542822919	0.46336594130565	0	0	0	0	0.0383310041924536	0	0	0.00439209423038531	0	0	0	0	0	0	0	0	0	0	0	0	0	0	0.0223597524455979	0	0	0	0.0497105210620882	0	0	0	0	0	0	0	0	0.0145737672190058	0	0	0	0.00818526652026353	0	0	0	0	0	0.0353363944899181	0.00299460970253544	0	0	0	0.00698742263924935	0	0	0.00239568776202835	0	0	0	0.00698742263924935	0	0	0.00279496905569974	0	0	0	0	0	0	0	0.0265522060291475	0.00858454781393492	0	0	0	0	0	0	0.00998203234178479	0	0	0	0	0	0.00718706328608505	0	0	0	0	0	0	0	0	0	0	0.00259532840886404	0	0	0	0	0	0	0	0	0	0	0	0	0	0	0.00638850069874226	0.00199640646835696	0	0	0	0	0	0	0	0	0	0.000998203234178479	0	0	0	0	0
ASCC288_8_0823_SF_1C_OM	0	0.00763972657820667	0	0.00361881785283474	0	0.0398069963811821	0	0	0	0	0	0	0	0	0.0164857257740249	0.00361881785283474	0.222356252513068	0.117812625653398	0.00201045436268597	0	0.0221149979895456	0	0	0	0	0	0	0	0	0	0	0	0	0	0.0639324487334137	0	0	0	0	0	0	0	0	0	0.00281463610776035	0	0	0.0197024527543225	0.00763972657820667	0	0	0.178930438279051	0	0	0	0.033373542420587	0.00723763570566948	0	0.0924809006835545	0	0.00442299959790913	0	0	0	0	0	0.00643345396059509	0	0	0.00321672698029755	0.0719742661841576	0	0	0	0	0.00683554483313229	0	0	0	0	0	0	0	0	0	0.0128669079211902	0	0	0	0	0	0	0	0	0.00723763570566948	0	0	0	0	0	0	0.0156815440289505	0	0	0	0	0	0	0	0	0	0	0	0	0	0.0148773622838762	0	0	0	0	0	0	0	0	0	0.00723763570566948	0	0	0	0	0	0	0	0.00763972657820667	0	0	0	0	0	0	0
